ARBPL,WERKS,LVORM,KTEXT
COM0478;CG02;;VEICULO;
COM0064;CG02;;VEICULO - EMERGÊNCIA INTERIOR;
COM0479;CG02;;VEICULO;
COM0067;CG02;;GEO4587;
COM0480;CG02;;VEICULO;
COM0481;CG02;;VEICULO;
COM0924;CG02;;VEICULO;
COM0929;CG02;;VEÍCULO;
COM0905;CG02;;VEICULO;
COM0920;CG02;;VEICULO;
COM0921;CG02;;VEICULO;
COM0922;CG02;;VEICULO;
COM0923;CG02;;VEICULO;
UNIFORT3;CG02;;UNIFORTE - MANUTENÇÃO RMSP;
COM0483;CG02;;VEICULO;
LOOPTECH;CG02;;LOOPTECH;
EZC0444;CG02;;EZC;
LORCG002;CG02;;MAM - Mão de Óbra Comgas - Lorena002;
COM0484;CG02;;VEICULO;
LORCG001;CG02;;MAM - MÃO DE OBRA COMGAS - LORENA001;
SJCCG001;CG02;;MANUTENÇÃO PREVENTIVA _ VALE;
SJCCG002;CG02;;MAM - Mão de Óbra Comgas - SJC002;
MDJ0111;CG02;;Individualização de Medidores;
COM0485;CG02;;VEICULO;
"OSS0705;CG02;;OS - PROGRAMA ""CHAVE NA MÃO"";"
"SAN0905;CG02;;SANEAR - PROGRAMA ""CHAVE NA MÃO"";"
COM0185;CG02;;VEICULO;
COM0486;CG02;;VEICULO;
MER0499;CG02;;MERLINI;
COM5555;CG02;;VEICULO;
COM0122;CG02;;VEICULO;
CONCREJ1;CG02;;CONCREJATO;
COM0130;CG02;;VEICULO;
COM0852;CG02;;VEICULO;
ENG2469;CG02;;ENGIBRAS;
COM0848;CG02;;VEICULO;
ARE1595;CG02;;ARECCO;
COM0488;CG02;;VEICULO;
ARE0699;CG02;;ARECCO - NEW HOUSING - Reserva Materiais;
COM0489;CG02;;VEICULO;
COM0490;CG02;;VEICULO;
COM0491;CG02;;VEICULO Base Campinas;
COM0493;CG02;;VIATURA EMERGÊNCIA;
COM0355;CG02;;VEICULO;
COM0494;CG02;;VIATURA EMERGÊNCIA;
COM0358;CG02;;VEICULO;
COM0495;CG02;;VEICULO  ASSISTÊNCIA TECNICA;
CAL0700;CG02;;CALTHERM;
CGP0002;CG02;;REPARO DE REDES  - RMSP;
CGP0003;CG02;;PATROL & PVAZ - RMSP;
CGP0101;CG02;;MANUTENÇÃO - RMSP;
CGP0102;CG02;;PESQUISA DE VAZAMENTO _ RMSP;
CGP0103;CG02;;MANUTENÇÃO DE EQUIPAMENTOS;
CGP0201;CG02;;OPER. ESP./HOT TAP;
CGP0202;CG02;;PROTEÇÃO CATODICA;
CGP0204;CG02;;MANUTENÇÃO - VALE;
CGP0205;CG02;;MANUTENÇÃO - INTERIOR;
CGP0301;CG02;;EDSON LUCHESI;
CGP0401;CG02;;MARCOS MANCILHA;
CGP0402;CG02;;ROGÉRIO HIROTAKE;
COM0007;CG02;;VEICULO;
COM0009;CG02;;VEICULO - LAB. MEDIDORES - EDWAR;
COM0010;CG02;;VEICULO;
COM0011;CG02;;VEICULO - NSTRUM. / ODORIZ. - LUCAS AUGU;
COM0012;CG02;;VEICULO;
COM0013;CG02;;VEICULO;
COM0014;CG02;;VEICULO;
COM0015;CG02;;VEICULO - MANUTENCAO RMSP - OIMR;
COM0016;CG02;;VEICULO - SANTOS;
COM0017;CG02;;VEICULO;
COM0018;CG02;;VEICULO;
COM0019;CG02;;VEICULO;
COM0020;CG02;;VEICULO;
COM0471;CG02;;VEICULO;
COM0021;CG02;;EMERGÊNCIA FIGUEIRA;
COM0022;CG02;;VEICULO;
COM0023;CG02;;VEICULO;
COM0472;CG02;;VEICULO;
COM0025;CG02;;VEICULO;
COM0473;CG02;;VEICULO;
COM0474;CG02;;VEICULO;
COM0512;CG02;;VEICULO;
COM0373;CG02;;VEICULO;
COM0374;CG02;;VEICULO;
COM0375;CG02;;VEICULO;
COM0376;CG02;;VEICULO DE EMERGENCIA;
COM0513;CG02;;VEICULO;
COM0378;CG02;;VEICULO EMERGENCIA;
COM0387;CG02;;VEICULO - NSTRUM. / ODORIZ. -THIAGO NAKA;
COM0393;CG02;;VEICULO;
COM0394;CG02;;VEICULO - INSTRUM/ODORIZ-DANILO TEIXEIRA;
COM0516;CG02;;VEICULO;
COM0396;CG02;;Veículo de Emergência - RMSP;
COM0405;CG02;;VEICULO DE EMERGÊNCIA;
COM0406;CG02;;VEICULO Base Campinas;
COM0407;CG02;;MANUTENÇÃO - REPARO;
COM0408;CG02;;VEICULO;
COM0409;CG02;;VEICULO Base Campinas;
COM0410;CG02;;VEICULO;
COM0411;CG02;;Veículo de Emergência - RMSP;
COM0412;CG02;;VEICULO Base Campinas;
COM0523;CG02;;VEICULO;
COM0413;CG02;;VEICULO;
COM0414;CG02;;VEICULO;
COM0417;CG02;;Veículo de Emergência - RMSP;
COM0418;CG02;;VEICULO;
COM0419;CG02;;VEICULO - Base Campinas - COI;
COM0526;CG02;;VEICULO;
COM0420;CG02;;VEICULO Base Campinas;
COM0527;CG02;;VEICULO;
COM0422;CG02;;VEICULO;
COM0426;CG02;;Veículo de Emergência - RMSP;
COM0654;CG02;;VEICULO;
COM0655;CG02;;VEICULO;
COM0657;CG02;;VEICULO;
COM0658;CG02;;VEICULO;
COM0659;CG02;;VEICULO;
COM0660;CG02;;VEICULO;
COM0661;CG02;;VEICULO;
COM0662;CG02;;VEICULO;
COM0663;CG02;;VEICULO;
COM0882;CG02;;VEICULO;
SAN0901;CG02;;SANEAR EDSON LUCHESI;
POT0751;CG02;;POTENCIALTO - EDSON LUCHESI;
SAN0902;CG02;;SANEAR EDSON LUCHESI;
COM0690;CG02;;VEICULO;
COM0695;CG02;;VEICULO;
COM0115;CG02;;VEICULO;
COM0671;CG02;;VEICULO;
COM0673;CG02;;VEICULO;
COM0528;CG02;;VEICULO;
COM0423;CG02;;Veículo de Emergência - RMSP;
COM0529;CG02;;VEICULO;
COM0424;CG02;;COMGAS - EM/ AT/ VT - BAIXADA SANTISTA;
COM0540;CG02;;VEICULO;
COM0425;CG02;;VEICULO;
COM0541;CG02;;VEICULO;
COM0447;CG02;;VEICULO;
COM0542;CG02;;VEICULO;
COM0448;CG02;;VEICULO;
COM0449;CG02;;VEICULO;
COM0451;CG02;;VEICULO;
COM0452;CG02;;VEICULO;
COM0636;CG02;;VEICULO;
COM0456;CG02;;VEICULO;
COM0458;CG02;;VEICULO;
COM0459;CG02;;VEICULO;
COM0460;CG02;;VEICULO;
COM0461;CG02;;VEICULO;
COM0462;CG02;;VEICULO;
COM0463;CG02;;VEICULO;
COM0465;CG02;;VEICULO;
COM0644;CG02;;VEICULO;
COM0466;CG02;;VEICULO;
COM0467;CG02;;VEICULO;
COM0468;CG02;;VEICULO;
COM0469;CG02;;VEICULO;
COM0649;CG02;;VEICULO;
COM0470;CG02;;VEICULO;
COM0650;CG02;;VEICULO;
COM0651;CG02;;VEICULO;
COM0652;CG02;;VEICULO;
EIC0200;CG02;;EICASA;
ENG0300;CG02;;ENGECOR;
EZC0400;CG02;;EZC;
EZC0404;CG02;;EZC TROCA DE MEDIDORES;
EZC0440;CG02;;EZC PROJETO 5000;
NGI0001;CG02;;ENGIBRAS;
SAN0001;CG02;;SANEAR LEITURA E ENTREGA DE CONTAS;
SAN0900;CG02;;SANEAR TROCA DE MEDIDORES;
A&TOOO1;CG02;;AZEVEDO & TRAVASSOS ENG.;
COM0653;CG02;;VEICULO;
ARE0500;CG02;;ARECCO;
MED0001;CG02;;LINEU SOUZA RAMOS;
MED0002;CG02;;ROMILTON P. DIAS;
CGP0206;CG02;;FURAÇÃO EM CARGA / COMISSIONAMENTO;
ZABAP-DE;CG02;;PROGRAMA DESMOBILIZACAO;
CGP0501;CG02;;RICARDO FUJII;
CGP0603;CG02;;INSTRUMENTAÇÃO / ODORIZAÇÃO;
COM0664;CG02;;VEICULO;
CGP0601;CG02;;JORGE;
CGP0602;CG02;;GILBERTO;
MPR0001;CG02;;MANUTENÇÃO PREVENTIVA INTERIOR;
COM0665;CG02;;VEICULO;
COM0666;CG02;;VEICULO;
COM0667;CG02;;VEICULO;
COM0668;CG02;;VEICULO;
COM0669;CG02;;VEICULO;
COM0670;CG02;;VEICULO;
COM0531;CG02;;VEICULO;
COM0656;CG02;;VEICULO;
COM0530;CG02;;VEICULO;
COM0359;CG02;;VEICULO;
COM0360;CG02;;VEICULO;
COM0496;CG02;;VEICULO;
COM0361;CG02;;VEICULO;
COM0497;CG02;;VEICULO;
COM0498;CG02;;VEICULO Base Campinas;
COM0366;CG02;;VEICULO;
COM0500;CG02;;VEICULO;
COM0369;CG02;;VEICULO;
COM0510;CG02;;VEICULO;
COM0370;CG02;;VEICULO;
COM0371;CG02;;VEICULO;
COM0372;CG02;;VEICULO;
EQG1454;CG02;;EQUIGÁS;
MER0400;CG02;;MERLINI;
COM0194;CG03;;VEICULO;
COM0191;CG02;;Veículo de Emergência - RMSP;
COM0195;CG02;;VEICULO;
COM0196;CG02;;VEICULO;
COM0198;CG02;;VEICULO;
COM0199;CG02;;PLACA DUE8195 - 1º Atendimento SP;
MKT0001;CG02;;TROCA DE MEDIDORES - MARKETING;
SYSPRO;CG02;;SYSPRO;
ELE3602;CG02;;ELECNOR;
COM536;CG02;;VEICULO;
COM186;CG02;;VEICULO;
COM0536;CG03;;VEICULO;
COM0113;CG02;;VEICULO;
COM851;CG02;;VEICULO;
COM0190;CG02;;VEICULO;
ELE1001;CG02;;ELECNOR;
ENGICITY;CG02;;ENGIBRAS MANUTENÇÃO CITY GATE;
COMCITY;CG02;;COMGAS MANUTENÇÃO DE CITY-GATE RMSP;
COMCITY1;CG02;;MCOMGAS MANUTENÇÃO DE CITY-GATE INTERIOR;
COMCITY2;CG02;;COMGAS MANUTENÇÃO DE CITY-GATE VALE;
SAN0444;CG02;;SANEAR;
COMGASDV;CG02;;COMGAS MANUTENÇÃO DE VÁLVULAS SDV RMSP;
TRA0400;CG02;;TRANSTUSA - ASSISTENCIA TÉCNICA;
ELE0400;CG02;;ELECNOR - ASSISTÊNCIA  TÉCNICA;
UNI0400;CG02;;UNIGAS - ASSISTÊNCIA TÉCNICA INTERIOR;
OXFORT;CG02;;OXFORT SERVICO PAVIMENTACAO;
GAL0698;CG02;;GALVÃO - COMPACTO;
COM0300;CG02;;VEICULO;
COM0301;CG02;;VEICULO;
COM0302;CG02;;VEICULO;
COM0201;CG02;;VEICULO;
COM0202;CG02;;Veículo de Emergência - RMSP;
COM0203;CG02;;VEICULO;
COM0204;CG02;;VEICULO;
COM0205;CG02;;VEICULO;
COM0206;CG02;;VEICULO DE MANUTENÇÃO VALE;
COM0207;CG02;;VEICULO - MANUTENCAO RMSP - OOM1;
COM0208;CG02;;VEICULO;
COM0209;CG02;;VEICULO;
COM0210;CG02;;VEICULO;
COM0211;CG02;;VEICULO;
COM0212;CG02;;VEICULO;
OSS0702;CG02;;VEICULO;
OSS0777;CG02;;VEICULO;
COM0672;CG02;;VEICULO;
COM0547;CG02;;VEICULO;
COM0546;CG02;;VEICULO;
COM0548;CG02;;VEICULO;
COM0549;CG02;;VEICULO;
COM0550;CG02;;VEICULO;
COM0551;CG02;;VEICULO;
COM0552;CG02;;VEICULO;
EZC0499;CG02;;EZC;
SEN0899;CG02;;SENA;
CME0759;CG02;;CME - NEW HOUSING;
SAN0909;CG02;;SANEAR - INCENTIVO CONVERSÃO;
UNIFORT1;CG02;;UNIFORTE - MANUTENÇÃO INTERIOR;
UNIFORT2;CG02;;UNIFORTE - MANUTENÇÃO VALE;
ARE0600;CG02;;ARECCO;
ACT0001;CG02;;ACTARIS;
MAN0001;CG02;;MEDIDORES INDUSTRIAIS DESATIVADOS;
"ARE0605;CG02;;ARECCO - PROGRAMA ""CHAVE NA MÃO"";"
"EZC0405;CG02;;EZC - PROGRAMA ""CHAVE NA MÃO"";"
COM0532;CG02;;VEICULO;
COM0932;CG02;;VEICULO;
MDJ0444;CG02;;EZC;
AQUEC001;CG02;;PROGRAMA AQUECEDORES;
ZIL0499;CG02;;ZILBERGÁS / Mudança med. coletiva p/ ind;
ENGIPCAT;CG02;;ENGIBRAS PROTEÇÃO CATÓDICA;
ENGIESTA;CG02;;ENGIBRAS MANUTENÇÃO ESTAÇÃO;
ENGESTA1;CG02;;ENGIBRAS MANUTENÇÃO ESTAÇÃO - PDA01;
ENGESTA2;CG02;;ENGIBRAS MANUTENÇÃO ESTAÇÃO - PDA02;
ENGICRM;CG02;;ENGIBRAS MANUTENÇÃO CRM;
ENGCRM1;CG02;;ENGIBRAS MANUTENÇÃO CRM - PDA01;
ENGCRM2;CG02;;ENGIBRAS MANUTENÇÃO CRM - PDA02;
ENGIVALV;CG02;;ENGIBRAS MANUTENÇÃO VÁLVULA;
ENGVALV1;CG02;;ENGIBRAS MANUTENÇÃO VÁLVULA  - PDA01;
ENGVALV2;CG02;;ENGIBRAS MANUTENÇÃO VÁLVULA  - PDA02;
ENGPCAT1;CG02;;ENGIBRAS PROTEÇÃO CATÓDICA - PDA01;
ENGPCAT2;CG02;;ENGIBRAS PROTEÇÃO CATÓDICA - PDA02;
ENGPCAT3;CG02;;ENGIBRAS PROTEÇÃO CATÓDICA - PDA03;
ENGPCAT4;CG02;;ENGIBRAS PROTEÇÃO CATÓDICA - PDA04;
ENGIPVAZ;CG02;;ENGIBRAS PESQUISA DE VAZAMENTO;
ENGPVAZ1;CG02;;ENGIBRAS PESQUISA DE VAZAMENTO - PDA01;
ENGPVAZ2;CG02;;ENGIBRAS PESQUISA DE VAZAMENTO - PDA02;
ENGIPATR;CG02;;ENGIBRAS PATRULHAMENTO DE REDE;
ENGPATR1;CG02;;ENGIBRAS PATRULHAMENTO DE REDE - PDA01;
ENGPATR2;CG02;;ENGIBRAS PATRULHAMENTO DE REDE - PDA02;
ENGPATR3;CG02;;ENGIBRAS PATRULHAMENTO DE REDE - PDA03;
ENGPATR4;CG02;;ENGIBRAS PATRULHAMENTO DE REDE - PDA04;
COM0002;CG02;;VEICULO;
COM0001;CG02;;EMERGÊNCIA 1º ATENDIMENTO;
COM0003;CG02;;VEICULO;
COM0008;CG02;;VEICULO;
LIMCG001;CG02;;MAM - Mão de Óbra Comgas - LIMEIRA 001;
LIMCG002;CG02;;MAM - Mão de Óbra Comgas - LIMEIRA 002;
JUNCG001;CG02;;MAM - Mão de Óbra Comgas - JUNDIAÍ 001;
JUNCG002;CG02;;MAM - Mão de Óbra Comgas - JUNDIAÍ 002;
CAMCG001;CG02;;MAM - Mão de Óbra Comgas - CAMPINAS 001;
CAMCG002;CG02;;MAM - Mão de Óbra Comgas - CAMPINAS 002;
ENGCAPU1;CG02;; ENGIBRAS POLO CAPUAVA  - PDA01;
ENGCUBA1;CG02;; ENGIBRAS POLO CUBATÃO  - PDA01;
FAM4706;CG02;;FAMOX / Mudança med. coletiva p/ ind.;
SEN0888;CG02;;SENA - TROCA DE MEDIDORES;
OSSERVIC;CG02;;OS SERVIÇOS;
ENGBUTA1;CG02;; ENGIBRAS POLO BUTANTÃ  - PDA01;
CTLACRE1;CG02;;CONTROLE DE LACRE;
ENGBUTA2;CG02;; ENGIBRAS POLO BUTANTÃ  - PDA02;
ENGSUZA1;CG02;; ENGIBRAS POLO SUZANO  - PDA01;
ENGCENT1;CG02;; ENGIBRAS POLO CENTRO  - PDA01;
ENGCENT2;CG02;; ENGIBRAS POLO CENTRO  - PDA02;
ENGCENT3;CG02;; ENGIBRAS POLO CENTRO  - PDA03;
ENGABCD1;CG02;; ENGIBRAS POLO ABCD  - PDA01;
ENGABCD2;CG02;; ENGIBRAS POLO ABCD  - PDA02;
MECCG001;CG02;;MAM - Mão-de-obra Comgas - Mec.RMSP001;
MECCG002;CG02;;MAM - Mão-de-obra Comgas - Mec.RMSP001;
COM0927;CG02;;VEICULO;
ZIL0333;CG02;;ZILBERGAS;
ENGPCAT6;CG02;;ENGIBRAS PROTEÇÃO CATÓDICA - PDA01;
SEN0400;CG02;;SENA - ASSISTÊNCIA TÉCNICA  SANTOS;
COM0128;CG02;;VEICULO;
OAS0977;CG02;;OAS - CASA COR SANTOS;
MONT-001;CG03;;MONTAGEM DE KITS FIGUEIRA;
COM0084;CG02;;Placa FPS1788 - 1º Atendimento SP;
COM0087;CG02;;VEICULO - INSTRUM. / ODORIZ. - FELIPE;
COM0088;CG02;;Veículo de Emergência Manutenção Baixada;
UNI2772;CG02;;PROJETO SANTOS;
MPR0002;CG02;;MANUTENÇÃO PREVENTIVA VALE DO PARAIBA;
COM0180;CG02;;VEICULO;
COM0217;CG02;;VEICULO;
PVAZCG01;CG02;;PESQUISA DE VAZAMENTO_COMGAS;
UNI0401;CG02;;UNIGAS - ATM / LNC VALE;
UNI3325;CG02;;UNIFORTE - RAMAIS CAMPINAS;
CGP0209;CG02;;MANUTENÇÃO - RMBS;
COM0089;CG02;;VEICULO 0089 - RMBS;
M130001;CG02;;MC 13 INSTALAÇÕES E MONTAGENS;
COM0091;CG02;;VEICULO 0091 - RMBS;
DIN0001;CG02;;DINÂMICA GÁS LTDA;
FID0001;CG02;;FIDEGÁS PEÇAS E ACESSÓRIOS LTD;
GRA0001;CG02;;GRAZIANO JÚNIOR ENGENHARIA;
CON0001;CG02;;CONEXÃO MONTAGENS TECNICAS;
ELE0001;CG02;;ELECNOR DO BRASIL LTDA;
MER0500;CG02;;MERLINI ENG. DE SEG. E PLANEJ.;
SEN0800;CG02;;SENA ECAL EQUIP. E INSTAL. LTD;
TRA0001;CG02;;TRANSTUSA BRASIL LTDA.;
UNI0001;CG02;;FERNANDES E FERNANDES - MANUTENÇÃO - SP;
MAC0001;CG02;;M.A.C AQUECEDORES;
PVB0001;CG02;;PVB CONSULTORIA;
CAS0001;CG02;;CASA CLIMA;
EGS0001;CG02;;(E-GÁS) - R.D.D'OLIVEIRA HIDRAULICA;
GAS0001;CG02;;GAS PLUS SERVIÇOS;
ZIL0001;CG02;;ZILBERGAS;
CON2924;CG02;;CONEXÃO MONTAGENS TECNICAS;
CFR2873;CG02;;CAFÉ REDES LNC;
COM0138;CG02;;Viatura - Prevenção de Perdas;
COM0152;CG02;;VEICULO;
COM0319;CG02;;VEICULO;
COM0383;CG02;;VEICULO EMERGENCIA;
COM0382;CG02;;VEICULO  ASSISTÊNCIA TECNICA;
COM0381;CG02;;Veículo de Emergência - RMSP;
COM0380;CG02;;Veículo de Emergência - RMSP;
COM0377;CG02;;Veículo de Emergência - RMSP;
COM0400;CG02;;Veículo de Emergência - RMSP;
COM0401;CG02;;VEICULO EMERGENCIA;
COM0379;CG02;;VEICULO EMERGENCIA;
COM0219;CG02;;VEICULO Base Campinas - Industrial;
CFR2872;CG02;;CAFÉ REDES - RAMAL;
COM0395;CG02;;Veículo de Emergência - RMSP;
COM0397;CG02;;Veículo de Emergência - RMSP;
COM0398;CG02;;Veículo de Emergência - RMSP;
COM0399;CG02;;VEICULO DE EMERGENCIA;
BEM0001;CG02;;BEM CEN;
AGQ0001;CG02;;AGUA QUENTE;
DTS0001;CG02;;(NEXT) - DT SAT LTDA;
ZIL2703;CG02;;AQUECEDORES ZILBERGAS COMERCIO;
EZC2714;CG02;;EZC SERVIÇOS DE CONTRUÇÃO CIVI;
EZC2704;CG02;;EZC SERVIÇOS DE CONTRUÇÃO CIVI;
EZC2710;CG02;;EZC SERVIÇOS DE CONTRUÇÃO CIVI;
MAP2728;CG02;;MAPSOLO ENGENHARIA LTDA.;
MEG2705;CG02;;MEGATEC ENGENHARIA E SERVIÇOS;
DIN3745;CG02;;DINÂMICA GÁS LTDA;
M133199;CG02;;MC 13 INSTALAÇÕES E MONTAGENS;
FID2979;CG02;;FIDEGÁS PEÇAS E ACESSÓRIOS LTD;
GRA3213;CG02;;GRAZIANO JÚNIOR ENGENHARIA;
CON3284;CG02;;CONEXÃO MONTAGENS TECNICAS;
EZC1057;CG02;;EZC PROJETO 5000;
MDJ1037;CG02;;MDJ MONTAGAGENS ELETROMECÂNICA;
MER3289;CG02;;MERLINI ENG. DE SEG. E PLANEJ.;
SEN4648;CG02;;SENA ECAL EQUIP. E INSTAL. LTD;
TRA0561;CG02;;TRANSTUSA BRASIL LTDA.;
FER0895;CG02;;Unigás - Fernandes & Fernandes;
BEN1896;CG02;;BEN CEN;
MAC2319;CG02;;M.A.C AQUECEDORES;
CAS4097;CG02;;CASA CLIMA;
EGA0001;CG02;;E-GÁS - R.D.D'OLIVEIRA HIDRAULICA;
GAS0015;CG02;;GAS PLUS SERVIÇOS;
ZIL1930;CG02;;ZILBERGAS;
AGQ2169;CG02;;AGUA QUENTE;
DTS0736;CG02;;(NEXT) - DT SAT LTDA;
UNG4894;CG02;;UNIÃO GAZ COMÉRCIO E INSTALAÇÕES LT;
ITR0001;CG02;;ITRON SOLUÇÕES PARA ENERGIA E AGUA;
IBE0001;CG02;;INSTITUTO BRASILEIRO DE ENSAIOS DE CONFO;
COM9999;CG02;;REGULARIZAÇÃO DE CADASTRO;
COM0188;CG02;;VEICULO;
COM0189;CG02;;VEICULO INSTRUM./ODORIZ.-FILIPE RIBEIRO;
COM0192;CG02;;VEICULO - INSTRUM. / ODORIZ. - RAFAEL;
BEN0001;CG02;;BEN-CEN ENGENHARIA E COMÉRCIO;
COM0925;CG02;;VEICULO;
SIA2706;CG02;;SIAL ENGENHARIA E CONSTRUÇÕES LTDA.;
COM0181;CG02;;VEICULO;
COM0184;CG02;;VEICULO;
COM0215;CG02;;VEICULO;
COM0216;CG02;;VEICULO Base Limeira - Industrial;
COM0926;CG02;;VEICULO;
ALP1994;CG02;;ALPHA COM.INSTAL.E MANUT.DE;
COM0182;CG02;;VEICULO Base Jundiaí - Industrial;
GAL0001;CG02;;GALVÃO - COMPACTO;
COM2504;CG02;;COMGÁS- COMPANHIA DE GÁS DE;
UNF0001;CG02;;UNIFORTE - ASSISTÊNCIA TÉCNICA - SANTOS;
COM00094;CG02;;VEICULO;
COM00093;CG02;;VEICULO;
COM00220;CG02;;VEICULO;
COM00371;CG02;;VEICULO;
COM00367;CG02;;VEICULO;
COM00358;CG02;;VEICULO;
COM00102;CG02;;VEICULO;
COM0168;CG02;;VEICULO;
COM0237;CG02;;VEICULO;
MDJ2919;CG02;;MDJ MONTAGAGENS ELETROMECÂNICA;
FER2920;CG02;;Unigás - Fernandes & Fernandes;
FID2922;CG02;;FIDEGAS;
ELE2912;CG02;;ELECNOR;
TRA2913;CG02;;TRANSTUSA BRASIL LTDA.;
MER2914;CG02;;MERLINI ENG. DE SEG. E PLANEJ.;
GRA2916;CG02;;GRAZIANO JÚNIOR ENGENHARIA;
BEN2917;CG02;;BEN CEN;
MDJ2918;CG02;;MDJ MONTAGAGENS ELETROMECÂNICA;
EZC2925;CG02;;EZC PROJETO 5000;
MER2915;CG02;;MERLINI ENG. DE SEG. E PLANEJ.;
SEN2923;CG02;;SENA ECAL EQUIP. E INSTAL. LTD;
COM0303;CG02;;VEICULO;
COM0304;CG02;;VEICULO;
COM0306;CG02;;VEICULO;
COM0307;CG02;;VEICULO;
COM0308;CG02;;VEICULO;
COM0309;CG02;;VEICULO;
UNI2344;CG02;;UNIFORTE - RAMAIS INTERIOR;
PND2493;CG02;;PND - RAMAIS PIRACICABA;
GAL2492;CG02;;GALVÃO - RAMAIS PIRACICABA;
ARE2231;CG02;;ARECCO - RAMAIS CAMPINAS;
PND2449;CG02;;PND - RAMAIS CAMPINAS;
COM0312;CG02;;VEICULO;
COM0315;CG02;;VEICULO;
COM00190;CG02;;VEICULO;
ENGPVAZ3;CG02;;ENGIBRAS PESQUISA DE VAZAMENTO - PDA03;
OAS2461;CG02;;OAS - RAMAIS SANTOS;
COM00236;CG02;;VEICULO;
UNI2626;CG02;;UNIFORTE - RAMAIS INTERIOR;
ENGPCAT5;CG02;;ENGIBRAS PROTEÇÃO CATÓDICA - PDA01;
EGA2801;CG02;;E-GÁS - R.D.D'OLIVEIRA HIDRAULICA- LESTE;
CSS3538;CG02;;CS OSASCO - RAMAL VAREJO;
UNI3559;CG02;;UNIGAS - RAMAL VAREJO;
UNI3543;CG02;;UNIFORTE - RAMAL;
UNI3643;CG02;;UNIGAS Americana Varejo (ramal/ interna);
DAD3617;CG02;;DAD VAREJO;
MDJ3654;CG02;;RAMAL VAREJO;
MDJ3655;CG02;;VAREJO - LIGAÇÃO;
CON3683;CG02;;CONEXÃO - ATM;
ELE3684;CG02;;ELECNOR - ATM;
FER3680;CG02;;UNIGAS - COMERCIO;
UNI3680;CG02;;UNIGAS - CAMPINAS;
UNI3705;CG02;;UNIGAS CAMPINAS;
UNI3706;CG02;;UNIGAS - LNC;
CON3676;CG02;;CONEXÃO - COMERCIO;
DIN3699;CG02;;DINAMICA - COMERCIO;
COM0431;CG02;;Veículo de Emergência - RMSP;
COM0436;CG02;;Veículo de Emergência - RMSP;
UNI3689;CG02;;UNIGAS Americana Varejo (ramal/ interna);
AMI3670;CG02;;AMIR - VAREJO;
MER3702;CG02;;MERLINI - LNC;
COM0416;CG02;;Veículo de Emergência - RMSP;
MER3703;CG02;;MERLINI - LNC SUL;
DIN3600;CG02;;DINAMICA - COMERCIO - SUL;
MAP3723;CG02;;MAPSOLO RAMAL;
CSS3720;CG02;;CS -  RAMAL VAREJO;
GBE3721;CG02;;GRACIANO - RAMAL VAREJO;
CON3704;CG02;;CONEXÃO - HABITADO;
COM0433;CG02;;Veículo de Emergência - RMSP;
COM0434;CG02;;Veículo de Emergência - RMSP;
COM0427;CG02;;VEICULO;
COM0428;CG02;;VEICULO _ SJC;
COM0429;CG02;;VEICULO _ SJC;
0003;CG03;;Montagem de Kits;
COM0430;CG02;;VEICULO;
MDJ3700;CG02;;MDJ - LNC;
COM0432;CG02;;VEICULO Base Campinas;
CON3741;CG02;;CONEXÃO - COMERCIO e AQUECEDORES;
COM0402;CG02;;VEICULO DE EMERGENCIA;
COM0403;CG02;;VEICULO DE EMERGENCIA;
COM0054;CG02;;Placa GBL5973 - 1º Atendimento SP;
COM0056;CG02;;Placa FTF9185 - 1º Atendimento SP;
COM0392;CG02;;VEICULO EMERGÊNCIA - VALE DO PARAIBA;
COM0384;CG02;;VEICULO EMERGÊNCIA - VALE DO PARAIBA;
COM0385;CG02;;VEICULO EMERGÊNCIA - VALE DO PARAIBA;
COM0388;CG02;;VEICULO ASSISTÊNCIA TECNICA;
COM0391;CG02;;VEICULO EMERGÊNCIA - INTERIOR;
COM0390;CG02;;Veículo de Emergência - RMSP;
CON2797;CG02;;CASA CLIMA;
COM0404;CG02;;VEICULO Base Campinas;
DST0736;CG02;;NEXT - DT SAT;
COM1813;CG02;;Comgás Base SJC - RAMAL;
COM0389;CG02;;VEICULO Emergência - 1º Atendimento;
FER3043;CG02;;UNIGAS VAREJO;
COM0266;CG02;;VEICULO;
UNI3044;CG02;;UNIFORTE RAMAL VAREJO;
GAL0699;CG02;;GALVÃO - CONSTRUÇÃO DE RAMAL;
UNA2865;CG02;;UNIÃO GAZ COMÉRCIO E INSTALAÇÕES;
COM0299;CG02;;VEICULO;
SAN0002;CG02;;SANEAR - PROGRAMA DE TROCA DE CR'S;
TRA3107;CG02;;TRANSTUSA - RAMAL/REDE;
CAS3108;CG02;;Vendas e instalações;
MCM3121;CG02;;Varejo - Ligação Interna;
CSS3120;CG02;;Varejo - Ramal e Interna;
COM0093;CG02;;VEICULO DE MANUTENÇÃO VALE;
SAN0003;CG02;;VEICULO;
TRA3125;CG02;;TRANSTUSA;
ZIL3131;CG02;;Ramal - Varejo;
CSS3122;CG02;;INSTALAÇÃO INTERNA E RAMAL - VAREJO;
GBE3123;CG02;;GRACIANO E BEZERRA;
AZE2755;CG02;;AZEVEDO;
COM0095;CG02;;V095 Reparo e atend.  rede - SANTOS;
COMVIRT;CG02;;TRANSCRISTAS VIATURAS DE EMERGENCIA;
COM0106;CG02;;VEICULO;
COM0105;CG02;;M821-BASE SJC;
COM0186;CG02;;VEÍCULO;
OPS0001;CG02;;PLANEJAMENTO E SUPORTE;
COM0263;CG02;;VEICULO;
UNI3226;CG02;;EMPREITEIRA - RAMAL;
COM0314;CG02;;VEICULO;
COM8888;CG02;;PLANEJAMENTO E SUPORTE;
ALL3240;CG02;;VAREJO - CONSTRUÇÃO DE RAMAL;
VIB3245;CG02;;VAREJO - INSTALAÇÃO INTERNA;
MAP3233;CG02;;MAPSOLO - VAREJO - CONST DE RAMAL;
COM0220;CG02;;VEICULO;
GBE3266;CG02;;VAREJO - CONSTRUÇÃO DE RAMAL E LIG;
CSS3253;CG02;;VAREJO - CONSTRUÇÃO DE RAMAL;
CSS3254;CG02;;VAREJO - CONSTRUÇÃO DE RAMAL;
EGA3267;CG02;;VAREJO - CONSTRUÇÃO DE RAMAL E LIG;
COM0328;CG02;;VEICULO;
COM0286;CG02;;VEICULO;
COM0151;CG02;;VEICULO;
COM0238;CG02;;VEICULO;
EZC3258;CG02;;VAREJO - CONSTRUÇÃO DE RAMAL E LIG;
UNI3192;CG02;;RAMAL;
MAP3231;CG02;;MAPSOLO - RAMAL;
MAP3232;CG02;;MAPSOLO - RAMAL;
ZIL3244;CG02;;VAREJO - INSTALAÇÃO INTERNA;
EZC3259;CG02;;EZC -VAREJO - INSTALAÇÃO INTERNA e RAMAL;
ENG3247;CG02;;RAMAL;
MAP3234;CG02;;MAPSOLO - VAREJO/ LNC/RAMAL;
"CGS3291;CG02;;LNC, CENTRAL, P13;"
COM0098;CG02;;VEICULO;
EZC2502;CG02;;PROJETO NEW HOUSING;
SIA3286;CG02;;SIAL - RAMAL;
COM0903;CG02;;VEICULO DE MANUTENÇÃO VALE;
COM0100;CG02;;VEICULO DE MANUTENÇÃO VALE;
AGQ2806;CG02;;AQUECEDORES - REGIONAL SUL;
COM00266;CG02;;VEICULO;
SIA3302;CG02;;VAREJO - EXTENSÃO DE REDE;
COM0101;CG02;;VEICULO - EMERGÊNCIA INTERIOR;
EGD3289;CG03;;EGD ENGENHARIA;
SIA3364;CG02;;SIAL ENGENHARIA - REPARO DE REDE;
UNI2807;CG02;;UNIGAS AQUECEDOR;
CONCPVAZ;CG02;;CONCREMAT PESQUISA DE VAZAMENTO;
UNI3413;CG02;;RAMAL UNIFORTE;
UNI2798;CG02;;UNIGAS - AQUECEDOR;
CONCPATR;CG02;;CONCREMAT PATRULHAMENTO DE REDE;
CONCPREV;CG02;;CONCREMAT MANUTENÇÃO PREVENTIVA;
CONCVALV;CG02;;CONCREMAT MANUTENÇÃO PREVENTIVA_VALVULAS;
CONCCRM;CG02;;CONCREMAT MANUTENÇÃO PREVENTIVA;
CONCESTE;CG02;;CONCREMAT MANUTENÇÃO PREVENTIVA;
SIA3418;CG02;;SIAL ENGENHARIA - RAMAL;
CONCPCAT;CG02;;CONCREMAT MANUTENÇÃO PREVENTIVA_CATÓDICA;
CONCPCT1;CG02;;CONCREMAT_ PROTEÇÃO CATÓDICA - PDA01;
CONCPCT2;CG02;;CONCREMAT_ PROTEÇÃO CATÓDICA - PDA02;
CONCPCT3;CG02;;CONCREMAT_ PROTEÇÃO CATÓDICA - PDA03;
CONCPCT4;CG02;;CONCREMAT_ PROTEÇÃO CATÓDICA - PDA04;
CONCPCT5;CG02;;CONCREMAT_ PROTEÇÃO CATÓDICA - PDA05;
CONCPCT6;CG02;;CONCREMAT_ PROTEÇÃO CATÓDICA - PDA06;
COM0928;CG02;;VEICULO;
AGQ3461;CG02;;AGUA QUENTE - VAREJO GUARULHOS;
CMA3406;CG02;;CONCREMAT - REPARO;
CSS3507;CG02;;CS SJC - VAREJO;
MAC3937;CG02;;CASAS ALTO PADRAO;
PLANEM01;CG02;;RENOVAÇÃO DE ESTAÇÕES/CRM - CONTRATADA;
PLANEM02;CG02;;VAGO 2;
COM0492;CG02;;VIATURA EMERGÊNCIA;
CSM3996;CG02;;VAREJO;
CSS4038;CG02;;CS SERVIÇOS E LOCAÇÃO;
GAS4056;CG02;;RAMAL E INSTALAÇÃO;
CSS4151;CG02;;CS SUL - VAREJO E RAMAL;
CAS4158;CG02;;VAREJO E RAMAL;
UNI4172;CG02;;COMERCIO -UNIGÁS CAMPINAS;
COM0620;CG02;;VEICULO - MANUTENCAO VALE - OIMV;
COM0619;CG02;;VEICULO - MANUTENCAO RMSP - OIMR;
UNI4277;CG02;;UNIFORTE - RAMAL;
CONCSBR;CG02;;CONCREMAT - MANUTENÇÃO PREVENTIVA SBR;
RENOVAC;CG02;;RENOVAÇÃO DE REDE;
MEDICAO;CG02;;MEDIÇÃO;
CON4408;CG02;;CONCREMAT RMSP - ASSISTÊNCIA TÉCNICA;
CON4443;CG02;;CONCREMAT -COMERCIO- ABC;
SIA3365;CG02;;SIAL - RENOVAÇAO;
CMA4018;CG02;;CONCREMAT - RAMAL;
COM0608;CG02;;COM0608 - Viatura Reparo SJC;
COM0610;CG02;;COM0610 - Lorena;
COM0613;CG02;;COM0613 - SJC;
COP4173;CG02;;COMERCIO - CONCEPTA;
CON4169;CG02;;COMERCIO - CONEXÃO;
EMPREIT;CG02;;EMPREITEIRAS MANUTENÇÃO PREVENTIVA;
MER4276;CG02;;MERLINI;
ATRMSPCG;CG02;;Mobilidade Carro Comgas RMSP ATM;
ATSPORTE;CG02;;Mobilidade Carro Comgas RMSP Ortec;
ATSPMANU;CG02;;Mobilidade Industrial e Manutenção RMSP;
ATSPINSP;CG02;;Mobilidade Inspetores RMSP;
ENG3632;CG02;;Engemont;
COM0812;CG02;;VEICULO EMERGÊNCIA - VALE PARAÍBA;
CON4402;CG02;;CONCREMAT - RAMAL AÇO;
CON4405;CG02;;CONCREMAT - VAREJO-SANTO ANDRE;
CON4406;CG02;;CONCREMAT - HABITADO - ABC;
EZC4396;CG02;;EZC - VAREJO - LESTE;
UNI0403;CG02;;UNIGAS ASSISTÊNCIA TÉCNICA- VALE;
AZE3746;CG02;;AZEVEDO - RENOVAÇAO;
CON3886;CG02;;CONCREMAT - RENOVAÇÃO;
QIT3982;CG02;;QIT;
AMI3985;CG02;;AMIR-VAREJO;
SIA4064;CG02;;SIALDRILL - AT - RMSP;
MDJ4195;CG02;;MDJ AQUECEDOR;
COM0854;CG02;;VEÍCULO;
OM0856;CG02;;VEÍCULO;
COM0816;CG02;;VEICULO;
COM0807;CG02;;VEICULO;
COM0808;CG02;;VEICULO;
ATRMSP;CG02;;Mobilidade RMSP;
ATCOICG;CG02;;Mobilidade Carro Comgas Interior;
ATCOVCG1;CG02;;Mobilidade Carro Comgas Vale 1;
ATCOVCG2;CG02;;Mobilidade Carro Comgas Vale 2;
SOL4668;CG02;;SOLLITA - VAREJO;
MAC4071;CG02;;MAC COMÉRCIO;
UNI4102;CG02;;UNIFORTE - RAMAL;
COM0612;CG02;;VEICULO COI - Industrial (FLQ-7011);
AGQ4222;CG02;;AGUA QUENTE - VAREJO GUARULHOS;
UNI4224;CG02;;UNIFORTE AMERICANA RAMAL;
UNI4214;CG02;;UNIFORTE AMERICANA VAREJO;
COM0614;CG02;;VEICULO - MANUTENCAO RMSP - OIMR;
ATCOVCG3;CG02;;Mobilidade Carro Comgas Vale 3;
EGDENG;CG02;;EGD ENGENHARIA LTDA;
JFSOLUC;CG02;;JF SOLUCOES;
ENGECORR;CG02;;ENGECORR;
CGPPCM;CG02;;PCM - PLANEJAMENTO E CONTROLE COMGÁS;
GIGAATER;CG02;;GIGAWATT - INSPEÇÃO DE ATERAMENTO;
RGG3800;CG02;;RG GAS SERVIÇOS E MANUTENÇÃO;
CSS4411;CG02;;CS - VAREJO - SUZANO;
UNI4416;CG02;;UNIFORTE - VAREJO - SUZANO;
CON4407;CG02;;CONCREMAT - HABITADO - BAIXADA;
CRS4418;CG02;;CONEXÃO COMERCIO SUDOESTE;
CON4409;CG02;;CONCREMAT ASSISTÊNCIA TÉCNICA- BAIXADA;
COM0415;CG02;;VEICULO Base Campinas;
MER4007;CG02;;PROJETO MULTICAMADAS;
COM0386;CG02;;VEICULO - MANUTENÇÃO INTER -THIAGO LOPES;
PATROL;CG02;;PATRULHAMENTO DE REDE;
COM0609;CG02;;VEICULO COI - Industrial (FLQ-7039);
COM0611;CG02;;VEICULO COI - Industrial (FLQ-7071);
COM0616;CG02;;VEICULO COI - Industrial (FLQ-7062);
COM0617;CG02;;VEICULO COI - Industrial (FLQ-7044);
COM0618;CG02;;VEICULO COI - Industrial (FLQ-7041);
COM0621;CG02;;VEICULO COI - Industrial (FLQ-7038);
COM0623;CG02;;VEICULO COI - Industrial (FLQ-7074);
COM0624;CG02;;VEICULO COI - Industrial (FLQ-7077);
COM0625;CG02;;VEICULO COI - Industrial (FLQ-7068);
DIN4168;CG02;;COMERCIO - DINAMICA;
UNIFINTE;CG02;;UNIFORTE MANUTENÇÃO PREVENTIVA INTERIOR;
COM0830;CG02;;VEÍCULO;
COM0855;CG02;;VEÍCULO;
TRA3661;CG02;;TRANSTUSA - RAMAL LL4;
MAP3802;CG02;;mapsolo ramal ll4;
EMERGENC;CG02;;EMERGENCIA - SALA DE RÁDIO;
COM0814;CG02;;VEICULO;
COM0813;CG02;;VEICULO;
COM0815;CG02;;VEICULO;
COM0829;CG02;;VEICULO;
COM0823;CG02;;VEICULO;
COM0579;CG02;;VEICULO;
COM0582;CG02;;VEICULO;
COM0856;CG02;;VEÍCULO;
CAS4221;CG02;;Vendas e instalações;
CON4272;CG02;;CONCREMAT SANTOS;
CSS4270;CG02;;VAREJO;
SALACONT;CG02;;SALA DE CONTROLE - OON3;
ATCOI;CG02;;MOBILIDADE INTERIOR;
ATRMBS;CG02;;Mobilidade Baixada Santista;
ATCOV;CG02;;Mobilidade Vale;
ATRMBSCG;CG02;;Mobilidade Carro Comgas Baixada;
FER4172;CG02;;COMERCIO -UNIGÁS SJC;
CAS2221;CG02;;Vendas e instalações;
ATCOVCG4;CG02;;Mobilidade Carro Comgas Vale 4;
COM0820;CG02;;VEICULO EMERGÊNCIA - VALE PARAÍBA;
PRPERDAS;CG02;;RMSP Mobilidade;
FALCAO;CG02;;FALCÃO BAUER;
CON4332;CG02;;Concremat Santos;
UNI0402;CG02;;UNIGAS ASSISTÊNCIA TÉCNICA- INTERIOR;
UNI4419;CG02;;UNIGÁS - HABITADO - SUZANO-SJC-TAUBATÉ;
SIA4427;CG02;;SIAL - RENOVAÇAO;
CON4392;CG02;;CONCREMAT - RENOVAÇÃO;
CON4390;CG02;;CONEXÃO - LNC NORTE-OSASCO;
UNI4446;CG02;;UNIGÁS - COMÉRCIO - SUZANO-SJC-TAUBATÉ;
SIA4403;CG02;;SIAL - VAREJO - TAUBATÉ;
CSS4413;CG02;;CS - VAREJO - SJC;
CSS4410;CG02;;CS - VAREJO - SUDOESTE;
MER4389;CG02;;MERLINI - LNC SUDOESTE;
SIA4388;CG02;;SIAL - VAREJO - GUARULHOS;
CON4365;CG02;;CONCREMAT - VAREJO-SANTOS;
CON4442;CG02;;CONCREMAT - COMÉRCIO - SANTOS;
CON3742;CG02;;CONEXÃO - ATM;
CON3762;CG02;;CONEXÃO - HABITADO;
COM0421;CG02;;VEICULO _ SJC;
MAC3749;CG02;;MAC AQUECEDORES;
UNI3754;CG02;;UNIGAS  - AQUECEDORES;
MAC3748;CG02;;MAC AQUECEDORES;
COM0435;CG02;;Viatura EMER;
COM0904;CG02;;VEICULO;
CONCINTE;CG02;;CONCREMAT MANUTENÇÃO PREVENTIVA_INTERIOR;
MER3856;CG02;;MERLINI - VAREJO JUNDIAI;
SIA3857;CG02;;SIAL - RAMAL JUNDIAI;
TRV0202;CG02;;MANUTENÇÃO DE TRAVESSIAS E NICHOS RMSP;
INTEGRID;CG02;;INTEGRIDADE DE ATIVOS;
CADASTRO;CG02;;CADASTRO DE REDE;
CSS3900;CG02;;CS VAREJO;
MAP3801;CG02;;MAPSOLO RAMAL;
UNI3544;CG02;;VAREJO UNIFORTE SJC;
MAP3803;CG02;;mapsolo ramal ll4;
PLAN0001;CG02;;PLANEMONT ENGENHARIA LTDA;
CON4417;CG02;;CONEXÃO - HABITADO - GUARULHOS-LESTE;
UNI4387;CG02;;UNIFORTE - VAREJO - CAMPINAS;
SIA4427;CG01;;SIAL - RENOVAÇAO;
UNI4445;CG02;;UNIGÁS - COMÉRCIO - CAMPINAS-JUNDIAÍ;
ENG4762;CG02;;ENGEMONT-CONSTRUCOES-SP;
MER4673;CG02;;MERLINI-ASSISTENCIA-SP;
UNI4820;CG02;;UNIGÁS - COMÉRCIO - INTERIOR;
COM0728;CG02;;VEICULO;
COM0607;CG02;;VEICULO;
COM0827;CG02;;VEICULO;
COM0178;CG02;;VEICULO;
COM0719;CG02;;VEICULO;
SIA4046;CG02;;SIALDRILL - AT - RMSP;
SIA4047;CG02;;SIALDRILL - AT - RMSP;
SIA4048;CG02;;SIALDRILL - AT - RMSP;
SIA4049;CG02;;SIALDRILL - AT - RMSP;
RGG4881;CG02;;RG GAS - ASSISTENCIA TÉCNICA - GUARULHOS;
SIA4058;CG02;;SIALDRILL - AT - RMSP;
SIA4059;CG02;;SIALDRILL - AT - RMSP;
STD;CG02;;STD;
UNI4378;CG02;;UNIGÁS - HABITADO - CAMPINAS-JUNDIAÍ;
CMA3333;CG02;;CONCREMAT - EQUIPE CONSTRUÇÃO DE RAMAL;
SIA4516;CG02;;SIAL - VAREJO - TAUBATE;
CONCTEL;CG02;;CONCREMAT TELEMETRIA;
XXXXXXX;CG02;;VEICULO;
RGG4697;CG02;;RG GAS - LAB. DE MEDIDORES - GUARULHOS;
UNI4708;CG02;;UNIFORTE - ASSISTÊNCIA TÉC - BAIXADA;
CRN4408;CG02;;CR Nuvem -RENOVAÇÃO-ABC;
DIN4674;CG02;;DINAMICA ENG - AT - RMSP;
RGG4742;CG02;;RG GAS - ASSISTÊNCIA TÉCNICA - RMSP;
ROG4743;CG02;;ROGER GAS - ASISTÊNCIA TÉCNICA - RMSP;
COM0714;CG02;;VEICULO _ SJC;
COM0716;CG02;;VEICULO _ SJC;
FAL4349;CG02;;FALCAO - ATM - SP;
COM0727;CG02;;COM0727 - SJC;
ENG4828;CG02;;ENGEMONT-CONSTRUCOES-SP;
UNI4839;CG02;;UNIFORTE - RAMAL - SP;
UNI4415;CG02;;UNIFORTE - VAREJO - JUNDIAI;
CON4418;CG02;;CONEXAO - HABITADO - LESTE;
SIA4715;CG02;;SIAL - HABITADO - ABC;
ATROM;CG02;;ATROM ENGENHARIA - MANUTENÇÃO;
CON4710;CG02;;CONEXÃO - ASSISTÊNCIA TÉCNICA - RMSP;
UNI4711;CG02;;UNIFORTE - RAMAL - BAIXADA;
UNI4713;CG02;;UNIFORTE - COMÉRCIO - BAIXADA;
UNI4638;CG02;;UNIGAS - ALTO PADRAO - RMSP;
ENGEDUTO;CG02;;ENGEDUTO;
COM0710;CG02;;VEICULO _ SJC;
COM0711;CG02;;VEICULO _ SJC;
COM0715;CG02;;VEICULO _ SJC;
COM0704;CG02;;VEICULO - INTERIOR;
COM0708;CG02;;VEICULO - INTERIOR;
UNI2017;CG02;;UNIFORTE RAMAIS;
CONC4851;CG02;;CONCREJATO MEDIÇÃO;
COM0722;CG02;;VEICULO;
COM0718;CG02;;VEICULO;
COM0720;CG02;;VEICULO;
CON4403;CG02;;CONCREMAT - COMÉRCIO - SANTO ANDRÉ;
ENG4652;CG02;;ENGEMONT CONSTRUÇÃO DE RAMAL RMSP;
UNI4712;CG02;;UNIFORTE - HABITADO - BAIXADA;
RGG4714;CG02;;RGGAS - COMÉRCIO - ABC;
CON4662;CG02;;CONEXÃO - RAMAL - RMSP;
COM0700;CG02;;VEICULO;
COM0725;CG02;;VEICULO - MANUTENCAO RMSP - OIMR;
COM0726;CG02;;VEICULO - MANUTENCAO RMSP - OIMR;
CON4274;CG02;;CONCREMAT - RAMAL - SP;
COM0703;CG02;;VEICULO - INTERIOR;
COM0706;CG02;;VEICULO - INTERIOR;
COM0262;CG02;;VEICULO;
COM0183;CG02;;VEICULO;
COM0717;CG02;;VEICULO;
COM0063;CG02;;VEÍCULO;
COM0826;CG02;;VEÍCULO;
UNIFMEC1;CG02;;UNIFORTE - MANUT. MECANICA OIMR;
UNIFORT4;CG02;;UNIFORTE - MANUTENÇÃO CIVIL BAIXADA;
SIA4050;CG02;;SIALDRILL - AT - RMSP;
SIA4051;CG02;;SIALDRILL - AT - RMSP;
CON4444;CG02;;CONEXÃO - COMÉRCIO - LESTE-GUARULHOS;
COM0110;CG02;;VEICULO;
CSS4503;CG02;;CS - RAMAL TER / EXPANSÃO;
UNIFCATO;CG02;;UNIFORTE - ESCAVAÇÃO DCVG;
TSCM001;CG02;;TSCM - EQUIPE DE CONSTRUÇÃO DE RAMAL;
SIA4707;CG02;;SIAL - AT - RMSP;
SIA4617.;CG01;;SIAL - RENOVAÇAO;
COM0000;CG02;;VEICULO;
COM0709;CG02;;COMGAS - EM/ AT/ VT - BAIXADA SANTISTA;
UNF4387;CG02;;UNIFORTE - RAMAL - SP1;
UNIINSP3;CG02;;UNFORTE - INSPEÇÃO DE REDE INTERIOR;
CONCCOLE;CG02;;CONCREJATO - COLETA DE AMOSTRA;
SIA4040;CG02;;SIALDRILL - AT - RMSP;
SIA4042;CG02;;SIALDRILL - AT - RMSP;
SIA4043;CG02;;SIALDRILL - AT - RMSP;
CSS4366;CG02;;CS - VAREJO - NORTE- OSASCO;
SIA4414;CG02;;SIALDRILL ENGENHARIA E CONSTRU;
SIA4356;CG02;;SIALDRILL-RENOVAÇÃO DE REDES-;
SIA4827;CG02;;SIAL - RENOVAÇÃO DE REDE - SP;
SIALINSP;CG02;;SIAL - INSPEÇÃO DE REDE VALE;
SIA4052;CG02;;SIALDRILL - AT - RMSP;
SIA4053;CG02;;SIALDRILL - AT - RMSP;
SIA4054;CG02;;SIALDRILL - AT - RMSP;
SIA4055;CG02;;SIALDRILL - AT - RMSP;
SIA4056;CG02;;SIALDRILL - AT - RMSP;
SIA4057;CG02;;SIALDRILL - AT - RMSP;
SIA4060;CG02;;SIALDRILL - AT - RMSP;
SIA4061;CG02;;SIALDRILL - AT - RMSP;
SIA4062;CG02;;SIALDRILL - AT - RMSP;
SIA4063;CG02;;SIALDRILL - AT - RMSP;
SIA4090;CG02;;SIALDRILL - AT - RMSP;
SIA4091;CG02;;SIALDRILL - AT - RMSP;
SIA4092;CG02;;SIALDRILL - AT - RMSP;
SIA4093;CG02;;SIALDRILL - AT - RMSP;
SIA4094;CG02;;SIALDRILL - AT - RMSP;
SIALCIVI;CG02;;SIAL - MANUTENÇÃO CIVIL;
CONCTELE;CG02;;CONCREMAT - MANUTENÇÃO TELEMETRIA;
CGP0608;CG02;;TELEMETRIA / AUTOMAÇÃO;
CMA6666;CG02;;EQUIPE CONSTRUÇÃO DE RAMAL;
SIA4617;CG02;;SIAL - RENOVAÇAO;
COM7777;CG02;;RENOVAÇÃO DE REDE OOA2;
ZIL4642;CG02;;ZILBERGAS - HABITADO- TATUAPÉ;
CON4851;CG02;;CONCREJATO MEDIÇÃO;
COM0724;CG02;;VEICULO - MANUTENCAO VALE - OIMV;
COM0156;CG02;;VEICULO;
COM0214;CG02;;VEICULO;
UNIINSP1;CG02;;UNFORTE - INSPEÇÃO DE REDE RMSP;
UNIINSP2;CG02;;UNFORTE - INSPEÇÃO DE REDE BAIXADA;
GOLDEN;CG02;;GOLDEN GROUP;
SIA4044;CG02;;SIALDRILL - AT - RMSP;
SIA4867;CG02;;SIAL - CONSTRUCOES - SP;
UNF4870;CG02;;UNIFORT-ENGENHARIA-AMERICANA-ABC;
UNI0002;CG02;;FERNANDES E FERNANDES - MANUTENÇÃO - SP;
UNI0003;CG02;;FERNANDES E FERNANDES - MANUTENÇÃO - SP;
UNI0004;CG02;;FERNANDES E FERNANDES - MANUTENÇÃO - SP;
UNI0005;CG02;;FERNANDES E FERNANDES - MANUTENÇÃO - SP;
UNI0006;CG02;;FERNANDES E FERNANDES - MANUTENÇÃO - SP;
UNI0007;CG02;;FERNANDES E FERNANDES - MANUTENÇÃO - SP;
UNI0008;CG02;;FERNANDES E FERNANDES - MANUTENÇÃO - SP;
UNI0009;CG02;;FERNANDES E FERNANDES - MANUTENÇÃO - SP;
UNI0010;CG02;;FERNANDES E FERNANDES - MANUTENÇÃO - SP;
SIA4099;CG02;;SIALDRILL - AT - RMSP;
COE4891;CG02;;CONEXÃO - ALTO PADRÃO - SP1;
MPREDIAL;CG02;;MANUTENÇÃO PREDIAL - COMGAS;
UNI4955;CG02;;UNIFORT- INSTALAÇÃO INTERNA-TAMBORÉ;
UNF4712;CG02;;UNIFORTE - CONSTRUÇÃO - SP1;
SALA_MNT;CG02;;SALA DE RADIO_MANUTENÇÃO & OPERAÇÃO;
SIA4098;CG02;;SIALDRILL - AT - RMSP;
COM0083;CG02;;Veículo de Emergência Manutenção Baixada;
COM0080;CG02;;VEICULO _ SJC;
COM0717;CG03;;VIATURA DO REPARO DE REDE - FWX-1053;
COM0720;CG03;;VIATURA DO REPARO DE REDE - GDL-6266;
COM0722;CG03;;VIATURA DO REPARO DE REDE - GGU-4204;
COM0827;CG03;;VIATURA DO REPARO DE REDE - FOB-3403;
UNI0011;CG02;;UNIGÁS - ASSISTENCIA TÉCNICA - INTERIOR;
UNI0012;CG02;;UNIGÁS - ASSISTENCIA TÉCNICA - INTERIOR;
UNI0013;CG02;;UNIGÁS - ASSISTENCIA TÉCNICA - INTERIOR;
UNI0014;CG02;;UNIGÁS - ASSISTENCIA TÉCNICA - INTERIOR;
UNI0016;CG02;;UNIGÁS - ASSISTENCIA TÉCNICA - INTERIOR;
UNI0017;CG02;;UNIGÁS - ASSISTENCIA TÉCNICA - INTERIOR;
UNI0019;CG02;;UNIGÁS - ASSISTENCIA TÉCNICA - INTERIOR;
UNI0020;CG02;;UNIGÁS - ASSISTENCIA TÉCNICA - VALE;
CSS4937;CG02;;CS - CONSTRUÇÃO - SP2;
CON5017;CG02;;CONCREMAT-SERVIÇO-SÃO PAULO;
SIA5018;CG02;;SIAL-ENGENHARIA-SÃO PAULO;
COM0262;CG03;;VIATURA DO REPARO DE REDE - FSQ-2659;
COM0017;CG03;;VIATURA DO REPARO DE REDE - EWS-0542;
COM0100;CG03;;VIATURA DO REPARO DE REDE - GDS-7908;
COM0183;CG03;;VIATURA DO REPARO DE REDE - FKG-2993;
CSS4868;CG02;;CS-SERVIÇOS-ALTO PADRÃO PINHEIROS;
SIA5019;CG02;;SIAL-ENGENHARIA-SÃO PAULO;
COM0096;CG02;;VEICULO - EMERGÊNCIA INTERIOR;
COM0097;CG02;;VEICULO - EMERGÊNCIA INTERIOR;
CON4864;CG02;;CONEXAO - STALAÇÕES MONTAGENS-SÃO PAULO;
COM6557;CG02;;VEICULO - INSTRUM./ODORIZ. - DANILO;
CNX0006;CG02;;CONEXÃO - ASSIST. TECNICA - SAO PAULO;
CNX0007;CG02;;CONEXÃO - ASSIST. TECNICA - SAO PAULO;
CNX0008;CG02;;CONEXÃO - ASSIST. TECNICA - SAO PAULO;
CNX0009;CG02;;CONEXÃO - ASSIST. TECNICA - SAO PAULO;
CNX0010;CG02;;CONEXÃO - ASSIST. TECNICA - SAO PAULO;
CNX0011;CG02;;CONEXÃO - ASSIST. TECNICA - SAO PAULO;
CNX0012;CG02;;CONEXÃO - ASSIST. TECNICA - SAO PAULO;
CNX0013;CG02;;CONEXÃO - ASSIST. TECNICA - SAO PAULO;
CNX0016;CG02;;CONEXÃO - ASSIST. TECNICA - SAO PAULO;
CNX0026;CG02;;CONEXÃO - ASSIST. TECNICA - SAO PAULO;
CNX0027;CG02;;CONEXÃO - ASSIST. TECNICA - SAO PAULO;
ROG4950;CG02;;ROGER-GAS - ASSISTENCIA TÉCNICA - TATUAP;
COM2505;CG02;;COMGÁS- COMPANHIA DE GÁS DE;
UNF4955;CG02;;UNIFORT- INSTALAÇÃO INTERNA-TAMBORÉ;
UNG4638;CG02;;UNIGÁS - ALTO PADRÃO - RMSP;
CNX0002;CG02;;CONEXÃO - ASSIST. TECNICA - SAO PAULO;
COM0092;CG02;;VEICULO - EMERGÊNCIA INTERIOR;
CNX0001;CG02;;CONEXÃO - ASSIST. TECNICA - SAO PAULO;
CNX0003;CG02;;CONEXÃO - ASSIST. TECNICA - SAO PAULO;
CNX0004;CG02;;CONEXÃO - ASSIST. TECNICA - SAO PAULO;
CNX0005;CG02;;CONEXÃO - ASSIST. TECNICA - SAO PAULO;
CNX0014;CG02;;CONEXÃO - ASSIST. TECNICA - SAO PAULO;
CNX0015;CG02;;CONEXÃO - ASSIST. TECNICA - SAO PAULO;
CNX0017;CG02;;CONEXÃO - ASSIST. TECNICA - SAO PAULO;
CNX0018;CG02;;CONEXÃO - ASSIST. TECNICA - SAO PAULO;
CNX0019;CG02;;CONEXÃO - ASSIST. TECNICA - SAO PAULO;
CNX0020;CG02;;CONEXÃO - ASSIST. TECNICA - SAO PAULO;
CNX0021;CG02;;CONEXÃO - ASSIST. TECNICA - SAO PAULO;
CNX0022;CG02;;CONEXÃO - ASSIST. TECNICA - SAO PAULO;
CNX0023;CG02;;CONEXÃO - ASSIST. TECNICA - SAO PAULO;
CNX0024;CG02;;CONEXÃO - ASSIST. TECNICA - SAO PAULO;
PLA4301;CG02;;RENOVAÇÃO PLANEMONT;
CON4891;CG02;;CONEXAO - CONSTRUCOES - SP;
UNI4870;CG02;;UNIFORTE - CONSTRUCOES - SP;
UNI0018;CG02;;UNIGÁS - ASSISTENCIA TÉCNICA - INTERIOR;
COM0058;CG02;;GBQ0969;
COM0075;CG02;;FVI9169;
CNX0025;CG02;;CONEXÃO - ASSIST. TECNICA - SAO PAULO;
SIA4095;CG02;;SIALDRILL - AT - RMSP;
SIA4041;CG02;;SIALDRILL - AT - RMSP;
UNF4839;CG02;;UNIFORTE - CONSTRUÇÕES - INTERIOR/VALE;
UNI0015;CG02;;UNIGÁS - ASSISTENCIA TÉCNICA - INTERIOR;
CON4936;CG02;;CONEXÃO - CONSTRUÇÃO - SP2;
COM4719;CG02;;VEICULO - INSTRUM./ODORIZ. - WESLEY;
COM0033;CG02;;FNT6991;
COM0036;CG02;;FXW8304;
UNA4638;CG02;;UNIGAS-SJC;
COM0024;CG02;;COM0613 - SJC;
COM0117;CG02;;COM0613 - SJC;
ROG4880;CG02;;ROGER-GAS - ASSISTENCIA TÉCNICA - TATUAP;
COM0607;CG03;;VIATURA DO REPARO DE REDE - FLQ-7053;
COM0718;CG03;;VIATURA DO REPARO DE REDE - FGF-3024;
COM0719;CG03;;VIATURA DO REPARO DE REDE - FWC-6075;
COM0728;CG03;;VIATURA DO REPARO DE REDE GHQ-1668;
COM0032;CG02;;FUT6632;
COM0035;CG02;;GGG7443;
COM0038;CG02;;GEC0105;
COM0043;CG02;;FNZ0895;
COM0047;CG02;;GJU2548;
COM0050;CG02;;FGW6499;
COM0059;CG02;;GAA6279;
COM3384;CG02;;VEICULO - INSTRUM./ODORIZ. - CLAUDIO;
COC4274;CG02;; CONCREMAT-ENG.E TECNOLOGIA-SÃO PAULO;
COC0001;CG02;;CONCREMAT - RENOVAÇÃO DE REDE - SP;
COC0002;CG02;;CONCREMAT - RENOVAÇÃO DE REDE - SP;
SIA0035;CG02;;SIALDRILL - CONSTRUCAO- SÃO PAULO;
SIA0036;CG02;;SIALDRILL - CONSTRUCAO- SÃO PAULO;
"SIA0037;CG02;;SIALDRILL - INSTAL, LIGAÇÃO - SÃO PAULO;"
"SIA0038;CG02;;SIALDRILL - INSTAL, LIGAÇÃO - SÃO PAULO;"
SUA7665;CG02;;SUATRANS 7665;
SIA4065;CG02;;SIAL - ASSIST. TECNICA - SAO PAULO;
CSS5054;CG02;;CS - LIGAÇÃO DE VAREJO - CURUÇÁ;
UNF0002;CG02;;UNIFORTE - ASSISTÊNCIA TÉCNICA - SANTOS;
FALINSP1;CG02;;FALCAO BAUER - INSPEÇÃO DE REDE;
COM0031;CG02;;Placa GBS5230 - 1º Atendimento SP;
COM0828;CG02;;VEICULO;
COM0833;CG02;;VEICULO;
COM0832;CG02;;VEÍCULO;
COM0853;CG02;;VEICULO;
COM0070;CG02;;GEO1742;
COM0030;CG02;;Placa GBH3689 - 1º Atendimento SP;
COM0004;CG02;;VEICULO;
COM0005;CG02;;Emergência - Primeiro Atendimento;
COM0006;CG02;;GHW5491;
COM0072;CG02;;VEICULO;
COM0085;CG02;;Placa GCI7309 - 1º Atendimento SP;
COM0086;CG02;;Placa GBT8810 - 1º Atendimento SP;
COM0114;CG02;;VEICULO;
COM0129;CG02;;VEICULO;
COM0150;CG02;;VEICULO;
COM0806;CG02;;VEICULO;
COM0809;CG02;;EMERGÊNCIA ABC;
COM0811;CG02;;VEÍCULO;
COM0818;CG02;;VEICULO;
COM0822;CG02;;VEICULO;
COM0824;CG02;;EMERGÊNCIA FIGUEIRA;
CSS5206;CG02;;CS SERVIÇOS E LOCACAO - SISS PARK (SBC);
UNI4829;CG02;;UNIFORTE - ENGENHARIA- AMERICANA;
UNI5184;CG02;;UNIFORTE - ENGENHARIA- JUNDIAI;
UNF5125;CG02;;UNIFORTE - ENGENHARIA- PIRACICABA;
UNI5128;CG02;;UNIFORTE - ENGENHARIA- PIRACICABA;
UNI5202;CG02;;FERNANDES E FERNANDES - SISTEMAS-JUNDIAÍ;
CON5203;CG02;;CONEXÃO - ALTO PADRÃO - JUNDIAÍ;
SIA5198;CG02;;SIALDRILL ENGENHARIA-QUINTA RORONESA;
FALBCOLE;CG02;;FALCAO BAUER - COLETA DE AMOSTRA;
CON5385;CG02;;CONEXÃO MONTAGENS - SAO PAULO;
UNI5382;CG02;;UNIFORTE AMERICANA-SERVIÇOS-CAMPINAS;
UNI5381;CG02;;FERNANDES E FER.- SERVIÇOS-CAMPINAS;
CNX0041;CG02;;CONEXAO- MONTAGEM - VILA MARIA;
CNX0045;CG02;;CONEXAO- MONTAGEM - VILA MARIA;
CNX0047;CG02;;CONEXAO- MONTAGEM - VILA MARIA;
CNX0048;CG02;;CONEXAO- MONTAGEM - VILA MARIA;
CNX0049;CG02;;CONEXAO- MONTAGEM - VILA MARIA;
CNX0060;CG02;;CONEXAO- MONTAGEM - VILA MARIA;
UNI0021;CG02;;UNIFORTE AMERICANA-SERVIÇOS-CAMPINAS;
UNI0022;CG02;;UNIFORTE AMERICANA-SERVIÇOS-CAMPINAS;
UNI0023;CG02;;UNIFORTE AMERICANA-SERVIÇOS-CAMPINAS;
UNI0024;CG02;;UNIFORTE AMERICANA-SERVIÇOS-CAMPINAS;
SUA0001;CG02;;SUATRANS EMERGENCIAS-SERVIÇOS - MOCA;
COM0368;CG02;;VEICULO;
COM0297;CG02;;COMGAS - VIATURA DE EMAEGENCIA.;
COM0345;CG02;;COMGAS - VIATURA DE EMAEGENCIA.;
COM0336;CG02;;COMGAS - VIATURA DE EMAEGENCIA.;
COM0352;CG02;;COMGAS - VIATURA DE EMAEGENCIA.;
MAF5583;CG02;;MAFE ENG E PERFURACA- SÃO PAULO;
SIA5578;CG02;;SIALDRILL ENGENHARIA- SÃO PAULO;
SIA5582;CG02;;SIALDRILL ENGENHARIA- SÃO PAULO;
CON5595;CG02;;CONCREJATO ENG.E - SÃO PAULO;
MNE5607;CG02;;MN ENGENHARIA EIRELI - SAO PAULO;
CON5589;CG02;;CONSTRUTECH-SERVICOS-SAO PAULO;
UNI5609;CG02;;FERNANDES E FER.- SERVIÇOS-CAMPINAS;
AQU5585;CG02;;AQUECEDORES ZILBERGAS-ASSISTENCIA-BH;
AQU5615;CG02;;AQUECEDORES ZILBERGAS-ASSISTENCIA-BH;
AQU5616;CG02;;AQUECEDORES ZILBERGAS-ASSISTENCIA-BH;
MDG5517;CG02;;MMDG SOLUTIONS EIRELI- CAMPINAS;
CON5635;CG02;;CONCREJATO ENG.E - SÃO PAULO;
COM0120;CG02;;COMGAS - EQUIPE REFERÊNCIA;
COM0121;CG02;;COMGAS - EQUIPE REFERÊNCIA;
COM0125;CG02;;COMGAS - EQUIPE REFERÊNCIA;
UNS0008;CG02;;FERNANDES E FER.- SERVIÇOS-CAMPINAS;
IGU5290;CG02;;IGUANA FIX DESENVOL - CIDADE MANÇOES;
IGA5290;CG02;;IGUANA FIX DESENVOL - CIDADE MANÇOES;
IGN5290;CG02;;IGUANA FIX DESENVOL - CIDADE MANÇOES;
ENG5656;CG02;;ENGEMONT- CONSTRUCOES - CAJAMAR;
COM0174;CG02;;COMPANHIA DE GAS DE SAO PAULO - COMGAS;
COM0200;CG02;;COM0200 - SJC;
SUA0002;CG02;;SUATRANS EMERGENCIAS-SERVIÇOS - MOCA;
SUA0003;CG02;;SUATRANS EMERGENCIAS-SERVIÇOS - MOCA;
SUA0004;CG02;;SUATRANS EMERGENCIAS-SERVIÇOS - MOCA;
SUA0005;CG02;;SUATRANS EMERGENCIAS-SERVIÇOS - MOCA;
SUA0006;CG02;;SUATRANS EMERGENCIAS-SERVIÇOS - MOCA;
CON5748;CG02;;CONSTRUTECH-SERVICOS- TATUAPE;
ACA5747;CG02;;ACAZ - SOLUCOES INTEGRADAS - CAMPESTRE;
COM0354;CG02;;VEICULO - EMERGENCIA;
COM0339;CG02;;VEÍCULO - EMERGENCIA;
MDT5845;CG02;;MDTEC ENGENHARIA E SERVICOS- CAMPINAS;
AQU5843;CG02;;AQUECEDORES ZILBERGAS -ASSIST.B.HORIZ;
MNE5818;CG02;;MN ENGENHARIA EIRELI- SAO PAULO;
COT5822;CG02;; CONSTRUTECH-SERVICOS-SAO PAULO;
CSS5821;CG02;;CS SERVIÇOS E LOCACAO- OSASCO;
UNI5794;CG02;;UNIGÁS - MANUTENÇÃO CIVIL- VALE;
ACA5898;CG02;;ACAZ SOLUCOES INTEGRADA- SANTO ANDRE;
COM0270;CG02;;VEICULO;
COM00103;CG02;;VEICULO;
CNX0062;CG02;;CONEXÃO MONTAGENS - SÃO PAULO;
CNX0063;CG02;;CONEXÃO MONTAGENS - SÃO PAULO;
CNX0071;CG02;;CONEXÃO MONTAGENS - SÃO PAULO;
CNX0072;CG02;;CONEXÃO MONTAGENS - SÃO PAULO;
CDF5987;CG02;;CDF ASSISTENCIA -SERVIÇOS-ALPHAVILLE;
CDA5987;CG02;;CDF ASSISTENCIA -SERVIÇOS-ALPHAVILLE;
SIA0039;CG02;;SIALDRILL - ENGENRERIA - PQ SÃO DOMINGOS;
SIA0040;CG02;;SIALDRILL - ENGENRERIA - PQ SÃO DOMINGOS;
SIA0041;CG02;;SIALDRILL - ENGENRERIA - PQ SÃO DOMINGOS;
SIA0042;CG02;;SIALDRILL - ENGENRERIA - PQ SÃO DOMINGOS;
SIA0043;CG02;;SIALDRILL - ENGENRERIA - PQ SÃO DOMINGOS;
SIA0044;CG02;;SIALDRILL - ENGENRERIA - PQ SÃO DOMINGOS;
SIA0045;CG02;;SIALDRILL - ENGENRERIA - PQ SÃO DOMINGOS;
SIA0046;CG02;;SIALDRILL - ENGENRERIA - PQ SÃO DOMINGOS;
SIA0047;CG02;;SIALDRILL - ENGENRERIA - PQ SÃO DOMINGOS;
SIA0049;CG02;;SIALDRILL - ENGENRERIA - PQ SÃO DOMINGOS;
SIA0050;CG02;;SIALDRILL - ENGENRERIA - PQ SÃO DOMINGOS;
CNX0030;CG02;;CONEXÃO - ASSIST. TECNICA - SAO PAULO;
SIA5050;CG02;;SIALDRILL-ENGENHARIA- SÃO PAULO;
FALB5122;CG02;;FALCAO BAUER - PATROL & PVAZ;
ENG0001;CG02;;ENGEMONT - RAMAL - CAJAMAR;
ENG0002;CG02;;ENGEMONT - RAMAL - CAJAMAR;
ENG0003;CG02;;ENGEMONT - RAMAL - CAJAMAR;
FALINSP2;CG02;;FALCAO BAUER - INSPEÇÃO DE REDE BAIXADA;
COM0081;CG02;;COMGAS - CAMPINAS;
FALBINTE;CG02;;FALCAO BAUER - PATROL & PVAZ - INTERIOR;
CGP0001;CG02;;PRIMEIRO ATENDIMENTO - RMSP;
SID5198;CG02;;SIAL DRILL - ALTO PADRÃO - INTERIOR;
COM0305;CG02;;V095 Reparo e atend.  rede - SANTOS;
COM3396;CG02;;VEICULO - LABORATÓRIO DE GÁS - JAYR;
IGA5296;CG02;;IGUANA FIX DESENVOL - CIDADE MANÇOES;
CNX0034;CG02;;CONEXAO- MONTAGEM - VILA MARIA;
CNX0035;CG02;;CONEXAO- MONTAGEM - VILA MARIA;
CNX0036;CG02;;CONEXAO- MONTAGEM - VILA MARIA;
CNX0037;CG02;;CONEXAO- MONTAGEM - VILA MARIA;
CNX0038;CG02;;CONEXAO- MONTAGEM - VILA MARIA;
CNX0039;CG02;;CONEXAO- MONTAGEM - VILA MARIA;
CNX004;CG02;;CONEXAO- MONTAGEM - VILA MARIA;
UNI5591;CG02;;UNIFORTE AMERICANA-SERVIÇOS;
CON5380;CG02;;CONSTRUTECH-SERVICOS-TATUAPE;
UNI5317;CG02;;UNIFORTE AMERICANA-SERVIÇOS-CAMPINAS;
CSS5604;CG02;;CS SERVIÇOS E LOCACAO- CURUÇA;
UNI5586;CG02;;UNIFORTE AMERICANA-SERVIÇOS;
UNI5599;CG02;;UNIFORTE AMERICANA-SERVIÇOS INTERIOR;
CSS5587;CG02;;CS SERVIÇOS E LOCACAO- CURUÇA;
SIA5584;CG02;;SIALDRILL ENGENHARIA- SÃO PAULO;
SIA5598;CG02;;SIALDRILL ENGENHARIA- SÃO PAULO;
SIA5581;CG02;;SIALDRILL ENGENHARIA- SÃO PAULO;
MAF5577;CG02;;MAFE ENG E PERFURACA- SÃO PAULO;
UNI5579;CG02;;FERNANDES E FER.- SERVIÇOS-CAMPINAS;
SIA5592;CG02;;SIALDRILL ENGENHARIA- INTERIOR;
CON5606;CG02;;CONCREJATO ENG.E - SÃO PAULO;
CSE5587;CG02;;CS SERVIÇOS E LOCACAO- IPIRANGA;
CSR5604;CG02;;CS SERVIÇOS E LOCACAO- IPIRANGA;
COM0721;CG02;;VEICULO;
NEO0001;CG02;;NEOGAS -SERVIÇOS/MATERIAIS-SÃO PAULO;
NEO0002;CG02;;NEOGAS -SERVIÇOS/MATERIAIS-SÃO PAULO;
NEO0003;CG02;;NEOGAS -SERVIÇOS/MATERIAIS-SÃO PAULO;
NEO0004;CG02;;NEOGAS -SERVIÇOS/MATERIAIS-SÃO PAULO;
COM0600;CG02;;VEICULO;
COM0601;CG02;;VEICULO;
COM0274;CG02;;COMGÁS- COMPANHIA DE GÁS;
COM027;CG02;;COMGÁS- COMPANHIA DE GÁS;
COM0276;CG02;;COMGÁS- COMPANHIA DE GÁS;
COM0290;CG02;;COMGÁS- COMPANHIA DE GÁS;
COJ5836;CG02;;CONCREJATO SERV TEC -SAO PAULO;
CON5822;CG02;; CONSTRUTECH-SERVICOS-SAO PAULO;
COM0071;CG02;;VEICULO;
UNG5848;CG02;;FERNANDES E FERN.- MANUTENÇÃO-CAMPINAS;
CON5820;CG02;; CONSTRUTECH-SERVICOS-SAO PAULO;
UNG5847;CG02;;FERNANDES E FERN.- MANUTENÇÃO-CAMPINAS;
CNX0073;CG02;;CONEXÃO MONTAGENS - SÃO PAULO;
CNX0074;CG02;;CONEXÃO MONTAGENS - SÃO PAULO;
SIA0048;CG02;;SIALDRILL - ENGENRERIA - PQ SÃO DOMINGOS;
SIA0051;CG02;;SIALDRILL - EXPANSÃO DE VAR - SÃO PAULO;
COM0028;CG02;;Placa GBO6098 - 1º Atendimento SP;
MAF5187;CG02;;MAFE ENG E  PERFURACAO- CHAC.KLABIN;
UNG5202;CG02;;FERNAN.FERNAN-SISTEMAS-CHAC. STº ANTONIO;
DIN5244;CG02;;DINAMICA ENGENHARIA-SÃO PAULO;
CNX0031;CG02;;CONEXÃO MONTAGENS-SERVIÇOS-SÃO PAULO;
CNX0032;CG02;;CONEXÃO MONTAGENS-CONSTRU-SÃO PAULO;
CNX0033;CG02;;CONEXÃO MONTAGENS-TÉCNICAS-SANTOS;
COM1705;CG02;;VEICULO - INSTRUM./ODORIZ. - GUSTAVO;
CON5335;CG02;;CONEXAO- MONTAGEM - VILA MARIA;
COE5335;CG02;;CONEXAO- MONTAGEM - VILA MARIA;
COM0099;CG02;;Veículo de Emergência Manutenção;
COM0102;CG02;;Veículo de Emergência Manutenção;
COM0103;CG02;;Veículo de Emergência Manutenção;
COM0108;CG02;;Veículo de Emergência Manutenção;
MER5389;CG02;;MERLINI - ENGENHARIA- SAO PAULO;
SIA5384;CG02;;SIALDRILL ENGENHARIA-SERVIÇOS-SÃO PAULO;
CON5422;CG02;;CONSTRUTECH-SERVICOS-TATUAPE;
MAF5324;CG02;;ENG E PERFURACAO- VILA MARIA ALTA;
AQU5601;CG02;;AQUECEDORES ZILBERGAS-ASSISTENCIA-BH;
ENG5580;CG02;;ENGEMONT CONSTRUCOES - SP;
CON5612;CG02;;CONCREMAT ENG.E - SÃO PAULO;
CON5628;CG02;;CONEXAO INSTALAÇÕES- SAO PAULO;
COM0332;CG02;;Veículo de Emergência Manutenção Baixada;
UNI5658;CG02;;UNIFORTE -SERVIÇOS-AMERICANA;
COM0340;CG02;;VEICULO _ SJC;
UNS0009;CG02;;ERNANDES E FER. SERVIÇOS - CAMPINAS;
UNS0010;CG02;;ERNANDES E FER. SERVIÇOS - CAMPINAS;
SUA0007;CG02;;SUATRANS EMERGENCIAS-SERVIÇOS - MOCA;
HTB5744;CG02;;HTB ENGENHARIA-SERVIÇOS- SANTO AMARO;
SIA0058;CG02;;SIALDRILL - ENGENRERIA - PQ SÃO DOMINGOS;
SIA0062;CG02;;SIALDRILL - ENGENRERIA - PQ SÃO DOMINGOS;
SIA0063;CG02;;SIALDRILL - ENGENRERIA - PQ SÃO DOMINGOS;
SIA0064;CG02;;SIALDRILL - ENGENRERIA - PQ SÃO DOMINGOS;
UNG0021;CG02;;FERNANDES E FERNANDES - MANUTENÇÃO - SP;
UNG0023;CG02;;FERNANDES E FERNANDES - MANUTENÇÃO - SP;
UNG0024;CG02;;FERNANDES E FERNANDES - MANUTENÇÃO - SP;
COM0269;CG02;;COMGÁS- COMPANHIA DE GÁS;
COM0194;CG02;;Veículo de Emergência Manutenção;
IEC5036;CG02;;IEC INSTALACOES E ENG - CATODICA E AUTOM;
INS4996;CG02;;INSPEK SERVICOS TECNICOS LTDA;
SIA4066;CG02;;SIAL - ASSIST. TECNICA - SAO PAULO;
COC0003;CG02;;CONCREMAT - RENOVAÇÃO DE REDE - SP;
COC0004;CG02;;CONCREMAT - RENOVAÇÃO DE REDE - SP;
CHA5123;CG02;;CHAMA - INDUSTRI - SÃO PAULO;
UNF0004;CG02;;UNIFORTE - ASSISTÊNCIA TÉCNICA - SANTOS;
UNF0003;CG02;;UNIFORTE - ASSISTÊNCIA TÉCNICA - SANTOS;
UNI4914;CG02;;UNIFORTE - OPER. ESP./HOT TAP;
JBS4659;CG02;;JBS - OPER. ESP./HOT TAP;
JMF2971;CG02;;JMF - OPER. ESP./HOT TAP;
MNE5030;CG02;;MN ENGENHARIA-COMÉRCIO-SAO PAULO;
ENG0004;CG02;;ENGEMONT - RAMAL - CAJAMAR;
SIALPCAT;CG02;;SIAL MANUTENÇÃO PREVENTIVA_CATÓDICA;
COM0296;CG02;;VEICULO;
COM0176;CG02;;VEICULO;
FALINSP4;CG02;;FALCAO BAUER - INSPEÇÃO DE REDE INTERIOR;
COM0260;CG02;;VEÍCULO;
COM0187;CG02;;VEICULO - REPARO DE REDE;
COM0729;CG02;;COMGAS - CAMPINAS;
CSS5072;CG02;;CS SERVIÇOS E LOCACAO - TAUAPÉ 2;
CSS5167;CG02;;CS SERVIÇOS - LOCACAO - ABC;
SIA5152;CG02;;SIALDRILL ENGENHARIA - GUARULHOS 2;
CGP0203;CG02;;Manutenção Civil - RMSP;
EGD5155;CG02;;EGD ENGENHARIA;
FALBVALE;CG02;;FALCAO BAUER - PATROL & PVAZ - VALE;
FALBRMBS;CG02;;FALCAO BAUER - PATROL & PVAZ - RMBS;
COM0060;CG02;;Placa GBA2187 - 1º Atendimento SP;
COM0026;CG02;;GBT7607 - EQUIPE DE 1º ATENDIMENTO;
COM0825;CG02;;VEÍCULO;
COM0027;CG02;;Placa GBG9606 - 1º Atendimento SP;
COM0029;CG02;;VEICULO;
COM0034;CG02;;VEICULO;
COM0037;CG02;;VEICULO;
COM0041;CG02;;GAA8666;
COM0044;CG02;;GHM9866;
COM0048;CG02;;Placa GAL4821 - 1º Atendimento SP;
COM0051;CG02;;FGH4069;
COM0052;CG02;;Placa FJG1172 - 1º Atendimento SP;
COM0055;CG02;;Placa GBR4194 - 1º Atendimento SP;
COM0057;CG02;;Placa GAK8896 - 1º Atendimento SP;
UNI5227;CG02;;UNIFORTE - ENGENHARIA- ALPHAVILLE;
UNI5301;CG02;;FERNANDES E FERNANDES - SWISS PARK;
SIA5318;CG02;;SAIL-CONSTRUÇÕES -SÃO PAULO;
SIA5326;CG02;;SAIL-CONSTRUÇÕES -SÃO PAULO;
UNI5315;CG02;;UNIFORTE - BARUERI;
IEC4793;CG02;;IEC INSTALACOES ENGENHARIA - SÃO PAULO;
CX0047;CG02;;CONEXAO- MONTAGEM - VILA MARIA;
UNG5381;CG02;;FERNANDES E FER.- SERVIÇOS-CAMPINAS;
COX5335;CG02;;CONEXAO- MONTAGEM - VILA MARIA;
COA5335;CG02;;CONEXAO- MONTAGEM - VILA MARIA;
COO5335;CG02;;CONEXAO- MONTAGEM - VILA MARIA;
COM0090;CG02;;Veículo de Emergência Manutenção;
COM0104;CG02;;Veículo de Emergência Manutenção;
IEC3495;CG02;;IEC INSTALACOES ENGENHARIA - SÃO PAULO;
PPD0002;CG02;;PREVENÇÃO DE DANOS;
CNX0042;CG02;;CONEXAO- MONTAGEM - VILA MARIA;
CNX0043;CG02;;CONEXAO- MONTAGEM - VILA MARIA;
CNX0044;CG02;;CONEXAO- MONTAGEM - VILA MARIA;
CNX0046;CG02;;CONEXAO- MONTAGEM - VILA MARIA;
UNI5383;CG02;;UNIFORTE AMERICANA-SERVIÇOS-CAMPINAS;
CNX0051;CG02;;CONEXAO- MONTAGEM - VILA MARIA;
CNX0052;CG02;;CONEXAO- MONTAGEM - VILA MARIA;
CNX0053;CG02;;CONEXAO- MONTAGEM - VILA MARIA;
CNX0054;CG02;;CONEXAO- MONTAGEM - VILA MARIA;
CNX0055;CG02;;CONEXAO- MONTAGEM - VILA MARIA;
CNX0056;CG02;;CONEXAO- MONTAGEM - VILA MARIA;
CNX0057;CG02;;CONEXAO- MONTAGEM - VILA MARIA;
CNX0058;CG02;;CONEXAO- MONTAGEM - VILA MARIA;
CNX0059;CG02;;CONEXAO- MONTAGEM - VILA MARIA;
INS5419;CG02;;FERNANDES E FER.- SERVIÇOS-CAMPINAS;
FER5454;CG02;;FERNANDES E FER.- SERVIÇOS-CAMPINAS;
FEN5454;CG02;;FERNANDES E FER.- SERVIÇOS-CAMPINAS;
FEA5454;CG02;;FERNANDES E FER.- SERVIÇOS-CAMPINAS;
FED5454;CG02;;FERNANDES E FER.- SERVIÇOS-CAMPINAS;
UNF0005;CG02;;UNIFORTE - ASSIST. TÉCNICA - AMERICANAS;
UNF0006;CG02;;UNIFORTE - ASSIST. TÉCNICA - AMERICANAS;
UNF0007;CG02;;UNIFORTE - ASSIST. TÉCNICA - AMERICANAS;
UNF0008;CG02;;UNIFORTE - ASSIST. TÉCNICA - AMERICANAS;
COM0356;CG02;;VEICULO;
EAB5603;CG02;;ATROM- E A BARRETO- ENGENHARIA - SP;
EAB5602;CG02;;ATROM - E A BARRETO- ENGENHARIA - SP;
RBL5608;CG02;;RBL GESTAO DE PROJETOS -SAO PAULO;
TER5511;CG02;;PSA - FERNANDO DE SA MARTINS;
JEC5421;CG02;;JEC COMERCIO INSTALACOES- SÃO PAULO;
COM0327;CG02;;VEICULO _ SJC;
COM0367;CG02;;VEICULO;
AMBINTER;CG02;;AMBIPAR - INTERIOR;
EAB5705;CG02;;E A BARRETO JUNIOR ENGEN -SERVIÇOS- SP;
UNS0011;CG02;;ERNANDES E FER. SERVIÇOS - CAMPINAS;
UNS0012;CG02;;ERNANDES E FER. SERVIÇOS - CAMPINAS;
UNS0013;CG02;;ERNANDES E FER. SERVIÇOS - CAMPINAS;
UNS0014;CG02;;ERNANDES E FER. SERVIÇOS - CAMPINAS;
UNS0015;CG02;;ERNANDES E FER. SERVIÇOS - CAMPINAS;
UNS0016;CG02;;ERNANDES E FER. SERVIÇOS - CAMPINAS;
SIA0055;CG02;;SIALDRILL - ENGENRERIA - PQ SÃO DOMINGOS;
SIA0056;CG02;;SIALDRILL - ENGENRERIA - PQ SÃO DOMINGOS;
SIA0059;CG02;;SIALDRILL - ENGENRERIA - PQ SÃO DOMINGOS;
SIA0061;CG02;;SIALDRILL - ENGENRERIA - PQ SÃO DOMINGOS;
ENG5834;CG02;;ENGEMONT CONSTRUCOES - CAJAMAR;
COT5820;CG02;; CONSTRUTECH-SERVICOS-SAO PAULO;
ACA5846;CG02;;ACAZ SOLUCOES INTEGRADA- SANTO ANDRE;
ACA5849;CG02;;ACAZ SOLUCOES INTEGRADA- SANTO ANDRE;
MAF5842;CG02;;MAFE ENG E PERFURACAO - SAO PAULO;
CON5836;CG02;;CONCREJATO SERV TEC -SAO PAULO;
ROF5840;CG02;;ROFFEL SERVICOS DE INSTALACAO- SAO PAULO;
CON5933;CG02;;CONSTRUTECH-SERVICOS - TATUAPE;
MER5934;CG02;;MERLINI ENG. DE SEG. E PLANEJ. SAO JUDAS;
COM0123;CG02;;COMGÁS - MANUTENÇÃO - SÃO PAULO;
COC0005;CG02;;CONCREMAT-SERVIÇOS - SÃO PAULO;
UNF5091;CG02;;UNIFORTE - ALTO PADRÃO - ALPHAVILLE;
MAF5111;CG02;;MAFE - RAMAL E INSTALAÇÃO - SÃO PAULO;
FALINSP3;CG02;;FALCAO BAUER - INSPEÇÃO DE REDE VALE;
UNF5098;CG02;;UNIFORTE - ENGENHARIA- PINHEIRO;
JAD5237;CG02;;JADIR LUIS VIANA-SERVIÇO ATM- F. MORATO;
CSS5319;CG02;;CS SERVIÇOS  - GUARULHOS- CASAS;
IGU5296;CG02;;IGUANA FIX DESENVOL - CIDADE MANÇOES;
IGN5296;CG02;;IGUANA FIX DESENVOL - CIDADE MANÇOES;
MNE5420;CG02;;MN ENGENHARIA- SAO PAULO;
UNG0003;CG02;;FERNANDES E FER.- SERVIÇOS-CAMPINAS;
UNG0001;CG02;;FERNANDES E FER.- SERVIÇOS-CAMPINAS;
UNI5455;CG02;;FERNANDES E FER.- SERVIÇOS-CAMPINAS;
COM0357;CG02;;VEICULO;
COM0324;CG02;;VEICULO;
COM0348;CG02;;VEICULO;
COM0362;CG02;;VEICULO;
MDG5605;CG02;;MDTEC - MMDG SOLUTIONS EIRELI- CAMPINAS;
COM00105;CG02;;VEICULO;
UNS0005;CG02;;FERNANDES E FER.- SERVIÇOS-CAMPINAS;
UNS0006;CG02;;FERNANDES E FER.- SERVIÇOS-CAMPINAS;
UNS0007;CG02;;FERNANDES E FER.- SERVIÇOS-CAMPINAS;
CON5594;CG02;;CONCREMAT ENG.E - SÃO PAULO;
CON5634;CG02;;CONCREMAT ENG.E - SÃO PAULO;
SIA5893;CG02;;SIALDRILL ENGENHARIA - SÃO PAULO;
COM0061;CG02;;VEICULO;
CNX0028;CG02;;CONEXÃO - ASSIST. TECNICA - SAO PAULO;
CNX0029;CG02;;CONEXÃO - ASSIST. TECNICA - SAO PAULO;
COM0107;CG02;;COMGÁS - EMERGÊNCIA - JUNDIAÍ;
MAF5027;CG02;;MAFE - COMÉRCIO - SP;
ENG4938;CG02;;ENGEMONT - ALTO PADRÃO - ST. AMARO|MOEMA;
UNF5046;CG02;;UNIFORTE - COMÉRCIO - AMERICANA;
COC0006;CG02;;CONCREMAT-SERVIÇOS - SÃO PAULO;
CSS5107;CG02;;CS SERVIÇOS - SANTO ANDRÉ;
IFX0001;CG02;;IFX0001;
PPD0001;CG02;;PREVENÇÃO DE DANOS;
CSS5325;CG02;;CS- SERVIÇOS E LOCACAO-OSASCO;
IEC9136;CG02;;IEC INSTALACOES ENGENHARIA - SÃO PAULO;
COE4710;CG02;;CONEXAO- MONTAGEM - VILA MARIA;
COX4710;CG02;;CONEXAO- MONTAGEM - VILA MARIA;
COA4710;CG02;;CONEXAO- MONTAGEM - VILA MARIA;
COO4710;CG02;;CONEXAO- MONTAGEM - VILA MARIA;
IEC9137;CG02;;IEC INSTALACOES ENGENHARIA - SÃO PAULO;
DIN5379;CG02;;DINAMICA ENGENHARIA-SERVIÇOS-SÃO PAULO;
CNX0050;CG02;;CONEXAO- MONTAGEM - VILA MARIA;
CNX0040;CG02;;CONEXAO- MONTAGEM - VILA MARIA;
TMEO0001;CG03;;Centro de Trabalho - Teste Calendário Fá;
UNS0001;CG02;;FERNANDES E FER.- SERVIÇOS-CAMPINAS;
UNS0002;CG02;;FERNANDES E FER.- SERVIÇOS-CAMPINAS;
UNS0003;CG02;;FERNANDES E FER.- SERVIÇOS-CAMPINAS;
UNS0004;CG02;;FERNANDES E FER.- SERVIÇOS-CAMPINAS;
UNG0002;CG02;;FERNANDES E FER.- SERVIÇOS-CAMPINAS;
UNG0004;CG02;;FERNANDES E FER.- SERVIÇOS-CAMPINAS;
COM5647;CG02;;COMERCIAL TEC FOGOES- EQUIPAMENTOS- SP;
COM0140;CG02;;COMGAS - EQUIPE REFERÊNCIA LIGAÇÃO;
COM0141;CG02;;COMGAS - EQUIPE REFERÊNCIA LIGAÇÃO;
COM0142;CG02;;COMGAS - EQUIPE REFERÊNCIA LIGAÇÃO;
COM0143;CG02;;COMGAS - EQUIPE REFERÊNCIA LIGAÇÃO;
COM0144;CG02;;COMGAS - EQUIPE REFERÊNCIA LIGAÇÃO;
COM0298;CG02;;Veículo de Emergência Manutenção Baixada;
COM0268;CG02;;VEICULO - SJC;
COM0145;CG02;;COMGAS - EQUIPE REFERÊNCIA RAMAL;
COM0146;CG02;;COMGAS - EQUIPE REFERÊNCIA RAMAL;
CON5704;CG02;;CONCREMAT ENG.E - SÃO PAULO;
ENG5706;CG02;;ENGEMONT- CONSTRUCOES - CAJAMAR;
COM0271;CG02;;V095 REPARO E ATEND.REDE - SANTOS;
COM0364;CG02;;VEICULO;
SIA0052;CG02;;SIALDRILL - ENGENRERIA - PQ SÃO DOMINGOS;
SIA0053;CG02;;SIALDRILL - ENGENRERIA - PQ SÃO DOMINGOS;
SIA0054;CG02;;SIALDRILL - ENGENRERIA - PQ SÃO DOMINGOS;
SIA0057;CG02;;SIALDRILL - ENGENRERIA - PQ SÃO DOMINGOS;
SIA0060;CG02;;SIALDRILL - ENGENRERIA - PQ SÃO DOMINGOS;
SIA0065;CG02;;SIALDRILL - ENGENRERIA - PQ SÃO DOMINGOS;
SIA0066;CG02;;SIALDRILL - ENGENRERIA - PQ SÃO DOMINGOS;
SIA0067;CG02;;SIALDRILL - ENGENRERIA - PQ SÃO DOMINGOS;
CON5778;CG02;;CONSORCIO NOVA- SERVICOS - SÃO PAULO;
RBL5791;CG02;;RBL -  MANUTENÇÃO CIVIL;
UNG0022;CG02;;FERNANDES E FERNANDES - MANUTENÇÃO - SP;
CON5795;CG02;;CONSTRUTECH-SERVICOS-TATUAPE;
COM0292;CG02;;VEICULO - EMERGENCIA INTERIOR;
UNI5793;CG02;;UNIGÁS - MANUTENÇÃO CIVIL - INTERIOR;
UNI5844;CG02;;UNIFORTE AMERICANA -ENGENH. CAMPINAS;
COM0990;CG02;;VEICULO;
CSS5819;CG02;;CS SERVIÇOS E LOCACAO- OSASCO;
CON5750;CG02;;CONCREJATO SERV TEC - HTB;
CON5889;CG02;;CONSORCIO NOVA URBANOVA- SERVIÇOS-SP;
COM00369;CG02;;EMERGÊNCIA ABC;
COM00491;CG02;;VEICULO;
COM0499;CG02;;VEICULO;
COM00104;CG02;;VEICULO;
CNX0061;CG02;;CONEXÃO MONTAGENS - SÃO PAULO;
CNX0064;CG02;;CONEXÃO MONTAGENS - SÃO PAULO;
CNX0065;CG02;;CONEXÃO MONTAGENS - SÃO PAULO;
CNX0066;CG02;;CONEXÃO MONTAGENS - SÃO PAULO;
CNX0067;CG02;;CONEXÃO MONTAGENS - SÃO PAULO;
CNX0068;CG02;;CONEXÃO MONTAGENS - SÃO PAULO;
CNX0069;CG02;;CONEXÃO MONTAGENS - SÃO PAULO;
CNX0070;CG02;;CONEXÃO MONTAGENS - SÃO PAULO;
UNI5920;CG02;;ERNANDES E FERNANDES  - CAMPINAS;
CSE5819;CG02;;CS SERVIÇOS E LOCACAO - OSASCO;
CON5946;CG02;;CONSTRUTECH-SERVICOS - TATUAPE;
